time (s),Pressure (psi),Rate (bpm)
0,4614.27,0
1,4615.25,0.02
2,4618.33,0.11
3,4622.06,0.14
4,4627.37,0.29
5,4649.49,0.86
6,4655.19,0.9
7,4664.44,1
8,4670.75,1.04
9,4711.25,1.12
10,4720.01,1.21
11,4751.84,1.27
12,4801.68,1.37
13,4844.21,1.43
14,4852.18,1.48
15,4880.06,1.54
16,4888.7,1.61
17,4943.83,1.66
18,4967,1.74
19,5010.75,1.8
20,5062.39,1.84
21,5111.38,1.87
22,5123.98,1.91
23,5172.55,1.94
24,5190.72,1.97
25,5252.92,1.99
26,5286.82,2.02
27,5328.77,2.04
28,5406.82,2.07
29,5437.43,2.09
30,5470.54,2.11
31,5519.06,2.13
32,5559.15,2.15
33,5618.84,2.17
34,5652.15,2.19
35,5702,2.2
36,5751.56,2.22
37,5784.7,2.23
38,5841.06,2.25
39,5869.7,2.27
40,5914.8,2.28
41,5967.9,2.3
42,6016.6,2.31
43,6071.54,2.32
44,6121.88,2.34
45,6159.76,2.35
46,6201.79,2.36
47,6250.58,2.38
48,6318.48,2.39
49,6388.02,2.64
50,6447.67,2.76
51,6505.94,2.77
52,6561.97,2.8
53,6590.44,2.82
54,6644.44,2.84
55,6704.79,2.86
56,6761.04,2.87
57,6837.18,2.88
58,6906.35,2.89
59,6958.31,2.9
60,7015.8,2.91
61,7059.02,2.92
62,7123.08,2.92
63,7172.26,2.93
64,7228.3,2.93
65,7308.51,2.93
66,7376.23,2.93
67,7433.77,2.94
68,7485.97,2.94
69,7548.14,2.94
70,7603.03,2.94
71,7667.04,2.94
72,7727.54,2.94
73,7791.73,2.94
74,7852.19,2.94
75,7915.96,2.94
76,7973.53,2.94
77,8032.33,2.94
78,8082.84,2.94
79,8125.88,2.94
80,8188.62,2.94
81,8256.23,2.93
82,8309.24,2.93
83,8359.54,2.93
84,8413.3,2.93
85,8461.42,2.93
86,8511.72,2.93
87,8565.56,2.93
88,8584.16,2.93
89,8580.89,2.93
90,8524.93,2.94
91,8378.11,2.94
92,8213.04,2.95
93,8084.51,2.96
94,7990.24,2.96
95,7894.59,2.96
96,7800.42,2.96
97,7719.83,2.97
98,7657.95,2.96
99,7622.04,2.97
100,7581.58,2.97
101,7558.84,2.96
102,7551.04,2.97
103,7537.99,2.97
104,7520.3,2.97
105,7506.28,2.96
106,7493.77,2.97
107,7487.27,2.97
108,7476.97,2.96
109,7470.84,2.97
110,7464,2.96
111,7459.12,2.97
112,7450.12,2.96
113,7445.62,2.97
114,7442.76,2.97
115,7439.02,2.97
116,7434,2.97
117,7429.41,2.97
118,7426.18,2.97
119,7424.22,2.98
120,7423.11,3.01
121,7421.92,2.99
122,7420.14,3.21
123,7435.17,3.79
124,7453.26,4
125,7453.39,3.76
126,7462.06,3.6
127,7518.37,4.23
128,7560.08,4.5
129,7564.13,4.51
130,7567.63,4.54
131,7582.4,4.56
132,7606.41,4.58
133,7615.95,4.59
134,7618.41,4.59
135,7628.63,4.64
136,7643.6,4.99
137,7650.41,4.47
138,7626.79,3.84
139,7627.67,4.92
140,7746,5.73
141,7814.43,6.15
142,7838.18,6.17
143,7843.18,6.19
144,7860.72,6.24
145,7878.94,6.27
146,7885.63,6.29
147,7895.32,6.31
148,7901.2,6.32
149,7906.24,6.33
150,7917.07,6.34
151,7927.88,6.35
152,7930.29,6.36
153,7891.17,6.23
154,7892.03,6.2
155,7898.13,6.21
156,7919.56,6.21
157,7941.83,6.1
158,7958.78,5.94
159,7947.91,5.92
160,7947.19,5.93
161,7949.99,5.96
162,7954.24,6.05
163,7931.44,6
164,7841.13,4.73
165,7883.61,5.96
166,7919.07,6.24
167,7951.43,6.39
168,7992.56,6.45
169,7996.81,6.54
170,8018.37,6.6
171,8026.86,6.63
172,8055.32,6.71
173,8057.18,6.87
174,8080.46,6.93
175,8123.7,6.99
176,8134.85,7.04
177,8142.62,7.09
178,8161.3,7.13
179,8170.76,7.15
180,8179.22,7.17
181,8184.29,7.18
182,8186.53,7.19
183,8187.74,7.2
184,8188.82,7.2
185,8190.16,7.21
186,8191.21,7.22
187,8190.99,7.21
188,8081.75,4.88
189,8008.52,4.5
190,8017.9,6.06
191,8063.79,6.58
192,8104.85,7.13
193,8151.15,7.63
194,8249.88,8.17
195,8316.97,8.3
196,8346.98,8.31
197,8370.03,8.31
198,8381.54,8.31
199,8403.66,8.3
200,8414.59,8.29
201,8427.82,8.27
202,8428.21,8.26
203,8430.87,8.25
204,8433.22,8.23
205,8437.56,8.22
206,8434.94,8.21
207,8436,8.2
208,8448.61,8.2
209,8477.94,8.54
210,8508.71,8.93
211,8571.5,9.3
212,8582.46,9.44
213,8635.01,9.51
214,8667.61,9.56
215,8692.43,9.59
216,8700.08,9.6
217,8727.32,9.62
218,8727.92,9.62
219,8735.77,9.61
220,8740.89,9.62
221,8762.38,9.63
222,8763.32,9.63
223,8780.39,9.63
224,8777.86,9.64
225,8794.2,9.73
226,8798.13,9.81
227,8817.18,9.85
228,8834.63,9.87
229,8835.83,9.88
230,8844.74,9.89
231,8844.67,9.9
232,8863.06,9.91
233,8863.62,9.92
234,8894.9,9.93
235,8901.55,9.93
236,8922.5,9.93
237,8911.44,9.93
238,8914.03,9.92
239,8913.89,9.91
240,8920.77,9.91
241,8928.71,9.9
242,8924.46,9.9
243,8932.68,9.9
244,8924.21,9.9
245,8932.5,9.9
246,8929.81,9.91
247,8948.25,9.91
248,8967.08,9.91
249,8945.61,9.91
250,8952.85,9.91
251,8950.75,9.91
252,8955.01,9.91
253,8957.87,9.9
254,8989.07,9.9
255,8978.22,9.89
256,8970.27,9.89
257,8965.24,9.89
258,8968.06,9.89
259,8978.35,9.89
260,8979.59,9.9
261,8981.8,9.89
262,8990.47,9.89
263,8999.88,9.89
264,8982.48,9.89
265,8976.65,9.89
266,8983.93,9.9
267,8983.44,9.89
268,9010.8,9.9
269,8994.58,9.9
270,8995.61,9.9
271,8988.78,9.89
272,9010.89,9.89
273,9019.78,9.88
274,9026.64,9.89
275,9050.67,9.9
276,9042.96,9.89
277,9042.3,9.89
278,9038.56,9.89
279,9048.93,9.89
280,9039.8,9.89
281,9068.37,9.89
282,9065.59,9.89
283,9065.08,9.89
284,9067.61,9.88
285,9049.4,9.88
286,9048.46,9.89
287,9048.98,9.89
288,9086.16,9.89
289,9068.81,9.89
290,9047.79,9.89
291,9050.16,9.88
292,9050.14,9.88
293,9061.58,9.88
294,9062.06,9.88
295,9101.24,9.88
296,9081.84,9.88
297,9066.39,9.89
298,9067.71,9.89
299,9070.51,9.89
300,9084.84,9.89
301,9084.78,9.89
302,9108.18,9.89
303,9092.26,9.89
304,9085.62,9.89
305,9079.78,9.88
306,9071.13,9.88
307,9095.1,9.88
308,9108.11,9.88
309,9113.38,9.88
310,9097.58,9.88
311,9093.36,9.88
312,9075.81,9.88
313,9082.59,9.88
314,9099.99,9.88
315,9105.53,9.88
316,9126.66,9.88
317,9099.54,9.88
318,9113.23,9.88
319,9113.34,9.89
320,9121.92,9.87
321,9114.67,9.88
322,9151.82,9.88
323,9156.24,9.88
324,9131,9.88
325,9134.35,9.88
326,9119.4,9.87
327,9119.94,9.87
328,9129.26,9.88
329,9169.24,9.88
330,9153.31,9.88
331,9141.91,9.87
332,9140.8,9.87
333,9125.09,9.87
334,9138.33,9.87
335,9139.88,9.87
336,9174.69,9.87
337,9165.13,9.87
338,9146.86,9.87
339,9147.69,9.87
340,9155.97,9.88
341,9162.67,9.87
342,9163.3,9.88
343,9197.78,9.87
344,9180.08,9.87
345,9181.25,9.87
346,9173.92,9.87
347,9173.91,9.86
348,9165.75,9.86
349,9185.56,9.86
350,9217.92,9.86
351,9177.76,9.86
352,9181.26,9.86
353,9177.65,9.86
354,9188.68,9.87
355,9201.42,9.86
356,9212.27,9.86
357,9229.05,9.86
358,9182.26,9.86
359,9190.45,9.86
360,9191.45,9.86
361,9200.05,9.86
362,9185.97,9.86
363,9217.71,9.86
364,9242.7,9.86
365,9220.54,9.86
366,9220.83,9.86
367,9211.05,9.87
368,9222.47,9.86
369,9225.75,9.86
370,9250.18,9.86
371,9245.1,9.85
372,9229.02,9.86
373,9218.93,9.86
374,9214.81,9.85
375,9241.04,9.86
376,9234.13,9.86
377,9248.25,9.86
378,9247.54,9.86
379,9246.86,9.86
380,9241.63,9.85
381,9241.85,9.86
382,9241.08,9.86
383,9244.71,9.85
384,9261.77,9.85
385,9268.87,9.85
386,9276.57,9.85
387,9230.47,9.85
388,9232.4,9.85
389,9257.76,9.85
390,9259.63,9.85
391,9275.2,9.85
392,9255.98,9.85
393,9257.03,9.86
394,9245.79,9.85
395,9251.55,9.85
396,9252.66,9.85
397,9262.39,9.85
398,9264.9,9.85
399,9236.45,9.85
400,9258.36,9.85
401,9262.47,9.86
402,9263.95,9.86
403,9261.07,9.85
404,9309.09,9.85
405,9296.27,9.85
406,9277.27,9.86
407,9278.14,9.85
408,9269.32,9.86
409,9290.52,9.86
410,9283.93,9.86
411,9309.79,9.85
412,9315.99,9.85
413,9285.77,9.85
414,9277.9,9.86
415,9284.58,9.85
416,9318.74,9.86
417,9307.21,9.85
418,9316.06,9.85
419,9310.78,9.85
420,9309.45,9.85
421,9299.86,9.85
422,9269.37,9.86
423,9290.33,9.85
424,9297.24,9.85
425,9313.79,9.85
426,9300.08,9.86
427,9307.99,9.86
428,9298.38,9.86
429,9277.81,9.86
430,9290.6,9.86
431,9319.36,9.86
432,9356.36,9.86
433,9319.27,9.86
434,9313.96,9.85
435,9314.03,9.85
436,9328.94,9.85
437,9323.63,9.85
438,9328.9,9.85
439,9351,9.84
440,9333.03,9.85
441,9334.83,9.85
442,9324.01,9.85
443,9335.88,9.85
444,9324.2,9.84
445,9333.09,9.84
446,9328.72,9.85
447,9329.43,9.84
448,9325.97,9.85
449,9293.71,9.85
450,9313.74,9.84
451,9323.76,9.84
452,9354.5,9.85
453,9344.83,9.84
454,9321.9,9.84
455,9326.23,9.84
456,9327,9.84
457,9339.07,9.84
458,9331.55,9.85
459,9360.6,9.84
460,9363.2,9.84
461,9348.6,9.84
462,9341.21,9.84
463,9331.28,9.84
464,9346.89,9.84
465,9345.24,9.84
466,9363.68,9.84
467,9361.63,9.84
468,9357.1,9.84
469,9316.38,9.84
470,9316.29,9.85
471,9346.18,9.85
472,9373.22,9.85
473,9390.66,9.85
474,9360.18,9.85
475,9354.65,9.85
476,9355.37,9.85
477,9381.48,9.85
478,9388.91,9.85
479,9392.21,9.86
480,9393.16,9.86
481,9389.28,9.86
482,9396.89,9.85
483,9352.85,9.85
484,9349.2,9.85
485,9364.47,9.85
486,9415.48,9.84
487,9398.06,9.84
488,9390.6,9.84
489,9385.26,9.84
490,9370.89,9.84
491,9394.07,9.84
492,9386.47,9.84
493,9416.87,9.84
494,9405.28,9.84
495,9401.33,9.84
496,9390.5,9.84
497,9379.81,9.84
498,9387.36,9.84
499,9396.23,9.84
500,9423.86,9.84
501,9404.72,9.84
502,9406.24,9.84
503,9246.12,8.56
504,8685.67,0.52
505,8486.85,0.23
506,8320.3,0.14
507,8242.39,0.1
508,8159.95,0.08
509,8077.17,0.06
510,7998.07,0.04
511,8125.85,0.03
512,8262.48,0.02
513,8349.29,0.02
514,8398.61,0.01
515,8417.31,0.01
516,8426.33,0.01
517,8440.69,0.01
518,8446.5,0
519,8325.47,0
520,8244.82,0
521,8169.99,0
522,8141.33,0
523,8122.91,0
524,8109.35,0
525,8090.75,0
526,8100.05,0
527,8154.88,0
528,8190.93,0
529,8198.48,0
530,8203.36,0
531,8204.73,0
532,8205.8,0
533,8204.04,0
534,8141.45,0
535,8081.99,0
536,8044.48,0
537,8036.53,0
538,8029.84,0
539,8025.07,0
540,8019.01,0
541,8016.99,0
542,8025.11,0
543,8034.32,0
544,8043.05,0
545,8047.39,0
546,8048.17,0
547,8046.55,0
548,8042.46,0
549,8000.26,0
550,7981.55,0
551,7962.82,0
552,7954.97,0
553,7949.05,0
554,7945.42,0
555,7940.98,0
556,7939.03,0
557,7942.85,0
558,7946.85,0
559,7949.96,0
560,7949.35,0
561,7945.69,0
562,7939.85,0
563,7934.25,0
564,7912.41,0
565,7897.99,0
566,7887.85,0
567,7879.03,0
568,7872.94,0
569,7868.1,0
570,7864.34,0
571,7862.08,0
572,7862.95,0
573,7863.47,0
574,7863.05,0
575,7859.84,0
576,7854.18,0
577,7847,0
578,7840.48,0
579,7831.95,0
580,7822.27,0
581,7813.39,0
582,7805.85,0
583,7800.65,0
584,7797.28,0
585,7794.12,0
586,7790.8,0
587,7789.19,0
588,7787.54,0
589,7784.02,0
590,7779.19,0
591,7772.66,0
592,7765.12,0
593,7758.47,0
594,7751.13,0
595,7743.68,0
596,7737.06,0
597,7731.25,0
598,7727.28,0
599,7724.64,0
600,7721.93,0
601,7718.73,0
602,7716.08,0
603,7713.01,0
604,7709.26,0
605,7704.51,0
606,7698.49,0
607,7691.63,0
608,7685.57,0
609,7679.87,0
610,7674.16,0
611,7667.43,0
612,7663.18,0
613,7659.99,0
614,7657.5,0
615,7654.84,0
616,7651.42,0
617,7648.02,0
618,7644.12,0
619,7639.75,0
620,7634.82,0
621,7629.24,0
622,7623.37,0
623,7618.2,0
624,7613.56,0
625,7609.07,0
626,7604.97,0
627,7601.26,0
628,7598.01,0
629,7595.32,0
630,7592.55,0
631,7588.97,0
632,7583.85,0
633,7579.58,0
634,7575.08,0
635,7570.4,0
636,7565.38,0
637,7560.34,0
638,7556.06,0
639,7552.27,0
640,7548.58,0
641,7545.07,0
642,7541.72,0
643,7538.43,0
644,7535.29,0
645,7532.06,0
646,7528.16,0
647,7524.08,0
648,7519.87,0
649,7515.6,0
650,7511.33,0
651,7507.1,0
652,7501.55,0
653,7499.06,0
654,7494.48,0
655,7491.13,0
656,7487.88,0
657,7484.59,0
658,7481.22,0
659,7477.88,0
660,7474.43,0
661,7470.7,0
662,7466.88,0
663,7462.84,0
664,7458.9,0
665,7455.12,0
666,7451.47,0
667,7447.78,0
668,7444.23,0
669,7441,0
670,7437.81,0
671,7434.62,0
672,7431.32,0
673,7427.94,0
674,7423.48,0
675,7420.01,0
676,7416.35,0
677,7412.63,0
678,7408.92,0
679,7405.33,0
680,7401.83,0
681,7398.36,0
682,7394.94,0
683,7391.57,0
684,7388.3,0
685,7385.02,0
686,7381.68,0
687,7378.26,0
688,7374.8,0
689,7371.45,0
690,7368.13,0
691,7364.58,0
692,7361.08,0
693,7357.7,0
694,7354.31,0
695,7350.05,0
696,7346.91,0
697,7343.71,0
698,7340.58,0
699,7337.41,0
700,7334.22,0
701,7331.05,0
702,7327.82,0
703,7324.57,0
704,7321.28,0
705,7318.06,0
706,7314.79,0
707,7311.53,0
708,7308.33,0
709,7305.17,0
710,7302.07,0
711,7298.93,0
712,7295.72,0
713,7292.41,0
714,7289.14,0
715,7285.88,0
716,7282.59,0
717,7279.22,0
718,7275.94,0
719,7272.74,0
720,7269.47,0
721,7266.24,0
722,7263.05,0
723,7259.84,0
724,7256.67,0
725,7253.62,0
726,7250.52,0
727,7247.43,0
728,7244.31,0
729,7241.32,0
730,7238.29,0
731,7234.25,0
732,7231.19,0
733,7228.07,0
734,7225.06,0
735,7222.01,0
736,7218.89,0
737,7215.83,0
738,7212.74,0
739,7209.59,0
740,7206.54,0
741,7203.49,0
742,7200.44,0
743,7197.3,0
744,7194.19,0
745,7191.1,0
746,7188.04,0
747,7184.97,0
748,7181.97,0
749,7178.95,0
750,7175.86,0
751,7172.91,0
752,7168.98,0
753,7165.95,0
754,7162.91,0
755,7159.94,0
756,7157,0
757,7154.05,0
758,7151.08,0
759,7148.12,0
760,7145.02,0
761,7141.97,0
762,7138.97,0
763,7136.01,0
764,7133.03,0
765,7130.09,0
766,7127.13,0
767,7124.2,0
768,7121.29,0
769,7118.38,0
770,7115.45,0
771,7112.5,0
772,7109.53,0
773,7105.57,0
774,7102.57,0
775,7099.64,0
776,7096.65,0
777,7093.7,0
778,7090.77,0
779,7087.85,0
780,7084.94,0
781,7081.94,0
782,7079.03,0
783,7076.09,0
784,7073.14,0
785,7070.23,0
786,7067.38,0
787,7064.53,0
788,7061.68,0
789,7058.81,0
790,7055.94,0
791,7053.11,0
792,7049.26,0
793,7046.41,0
794,7043.47,0
795,7040.62,0
796,7037.83,0
797,7035.01,0
798,7032.18,0
799,7029.35,0
800,7026.57,0
801,7023.82,0
802,7021.04,0
803,7018.19,0
804,7015.4,0
805,7012.52,0
806,7009.66,0
807,7006.84,0
808,7004.03,0
809,7001.22,0
810,6998.37,0
811,6995.55,0
812,6992.75,0
813,6988.99,0
814,6986.12,0
815,6983.3,0
816,6980.43,0
817,6977.5,0
818,6974.61,0
819,6971.78,0
820,6968.95,0
821,6966.15,0
822,6963.41,0
823,6960.63,0
824,6957.79,0
825,6955.03,0
826,6952.27,0
827,6949.54,0
828,6946.73,0
829,6943.92,0
830,6941.22,0
831,6938.49,0
832,6935.8,0
833,6932.15,0
834,6929.4,0
835,6926.59,0
836,6923.8,0
837,6921.05,0
838,6918.25,0
839,6915.43,0
840,6912.56,0
841,6909.71,0
842,6906.96,0
843,6905.12,0
844,6902.29,0
845,6899.44,0
846,6896.54,0
847,6893.61,0
848,6890.77,0
849,6887.12,0
850,6884.37,0
851,6881.6,0
852,6878.77,0
853,6876,0
854,6873.34,0
855,6870.7,0
856,6868.01,0
857,6865.26,0
858,6862.54,0
859,6859.83,0
860,6857.14,0
861,6854.43,0
862,6851.75,0
863,6848.99,0
864,6846.27,0
865,6843.53,0
866,6840.81,0
867,6838.11,0
868,6835.33,0
869,6832.59,0
870,6828.95,0
871,6826.2,0
872,6823.48,0
873,6820.74,0
874,6817.98,0
875,6815.19,0
876,6812.43,0
877,6809.66,0
878,6806.88,0
879,6804.06,0
880,6801.32,0
881,6798.59,0
882,6795.84,0
883,6793.09,0
884,6790.35,0
885,6787.69,0
886,6785.09,0
887,6782.45,0
888,6779.75,0
889,6777.05,0
890,6774.43,0
891,6770.9,0
892,6768.31,0
893,6765.69,0
894,6763.05,0
895,6760.41,0
896,6757.73,0
897,6755.07,0
898,6752.4,0
899,6749.69,0
900,6746.94,0
901,6744.25,0
902,6741.56,0
903,6738.95,0
904,6736.28,0
905,6733.55,0
906,6730.85,0
907,6728.16,0
908,6725.49,0
909,6722.8,0
910,6720.09,0
911,6717.37,0
912,6713.78,0
913,6711,0
914,6708.29,0
915,6705.59,0
916,6702.93,0
917,6700.31,0
918,6697.6,0
919,6694.94,0
920,6693.27,0
921,6690.68,0
922,6687.04,0
923,6684.41,0
924,6681.73,0
925,6679.1,0
926,6676.52,0
927,6673.9,0
928,6671.28,0
929,6668.64,0
930,6666.01,0
931,6663.37,0
932,6660.77,0
933,6658.1,0
934,6655.44,0
935,6652.74,0
936,6650.05,0
937,6647.4,0
938,6644.8,0
939,6642.2,0
940,6639.58,0
941,6636.86,0
942,6633.22,0
943,6630.5,0
944,6627.89,0
945,6625.3,0
946,6622.76,0
947,6620.19,0
948,6617.59,0
949,6614.95,0
950,6612.33,0
951,6609.77,0
952,6607.17,0
953,6604.62,0
954,6602.09,0
955,6599.52,0
956,6597.02,0
957,6594.44,0
958,6591.88,0
959,6589.33,0
960,6586.8,0
961,6584.29,0
962,6581.77,0
963,6579.16,0
964,6576.59,0
965,6573.04,0
966,6570.46,0
967,6567.87,0
968,6565.3,0
969,6562.71,0
970,6560.03,0
971,6557.38,0
972,6554.73,0
973,6552.15,0
974,6549.56,0
975,6547.01,0
976,6544.46,0
977,6541.89,0
978,6539.28,0
979,6536.71,0
980,6534.13,0
981,6531.63,0
982,6528.25,0
983,6525.75,0
984,6523.21,0
985,6520.71,0
986,6518.28,0
987,6515.79,0
988,6513.33,0
989,6510.86,0
990,6508.35,0
991,6505.84,0
992,6503.28,0
993,6500.77,0
994,6498.25,0
995,6495.67,0
996,6493.18,0
997,6490.7,0
998,6488.16,0
999,6485.62,0
1000,6483.03,0
1001,6480.48,0
1002,6477.89,0
1003,6475.33,0
1004,6472.01,0
1005,6469.53,0
1006,6467.08,0
1007,6464.55,0
1008,6462.02,0
1009,6459.55,0
1010,6457.1,0
1011,6454.53,0
1012,6452,0
1013,6449.56,0
1014,6447.02,0
1015,6444.5,0
1016,6441.97,0
1017,6439.5,0
1018,6437.06,0
1019,6434.61,0
1020,6432.19,0
1021,6429.74,0
1022,6427.32,0
1023,6424.88,0
1024,6422.4,0
1025,6419.92,0
1026,6417.52,0
1027,6415.08,0
1028,6412.58,0
1029,6410.02,0
1030,6407.45,0
1031,6404.92,0
1032,6402.37,0
1033,6399.83,0
1034,6397.34,0
1035,6394.87,0
1036,6392.44,0
1037,6389.92,0
1038,6386.62,0
1039,6384.16,0
1040,6381.68,0
1041,6379.21,0
1042,6376.82,0
1043,6374.39,0
1044,6371.92,0
1045,6369.5,0
1046,6367.08,0
1047,6364.71,0
1048,6362.35,0
1049,6360.05,0
1050,6357.73,0
1051,6355.39,0
1052,6353.1,0
1053,6350.8,0
1054,6348.48,0
1055,6346.11,0
1056,6343.73,0
1057,6341.34,0
1058,6338.94,0
1059,6335.73,0
1060,6333.29,0
1061,6330.79,0
1062,6328.32,0
1063,6326.7,0
1064,6324.22,0
1065,6321.81,0
1066,6319.35,0
1067,6316.92,0
1068,6314.5,0
1069,6312.03,0
1070,6309.61,0
1071,6306.43,0
1072,6304.06,0
1073,6301.72,0
1074,6299.27,0
1075,6296.91,0
1076,6294.55,0
1077,6292.15,0
1078,6289.81,0
1079,6287.58,0
1080,6285.32,0
1081,6283.05,0
1082,6280.79,0
1083,6278.49,0
1084,6276.25,0
1085,6274,0
1086,6271.77,0
1087,6269.48,0
1088,6267.22,0
1089,6264.9,0
1090,6262.6,0
1091,6259.48,0
1092,6257.17,0
1093,6254.85,0
1094,6252.51,0
1095,6250.19,0
1096,6247.9,0
1097,6245.55,0
1098,6243.19,0
1099,6240.84,0
1100,6238.41,0
1101,6236.1,0
1102,6233.81,0
1103,6231.52,0
1104,6229.23,0
1105,6226.96,0
1106,6224.68,0
1107,6222.38,0
1108,6220.09,0
1109,6217.81,0
1110,6215.58,0
1111,6213.31,0
1112,6210.33,0
1113,6208.13,0
1114,6205.94,0
1115,6203.68,0
1116,6201.45,0
1117,6199.24,0
1118,6197,0
1119,6194.8,0
1120,6192.66,0
1121,6190.44,0
1122,6188.21,0
1123,6185.99,0
1124,6183.72,0
1125,6181.5,0
1126,6179.22,0
1127,6176.94,0
1128,6174.63,0
1129,6172.32,0
1130,6170.01,0
1131,6167.75,0
1132,6165.47,0
1133,6163.24,0
1134,6160.29,0
1135,6158.04,0
1136,6155.86,0
1137,6153.66,0
1138,6151.46,0
1139,6149.26,0
1140,6147.1,0
1141,6144.96,0
1142,6142.8,0
1143,6140.57,0
1144,6138.39,0
1145,6136.23,0
1146,6134.02,0
1147,6131.87,0
1148,6129.78,0
1149,6127.66,0
1150,6125.47,0
1151,6123.3,0
1152,6121.19,0
1153,6119.1,0
1154,6116.27,0
1155,6114.06,0
1156,6111.82,0
1157,6109.57,0
1158,6107.4,0
1159,6105.2,0
1160,6102.98,0
1161,6100.76,0
1162,6098.56,0
1163,6096.31,0
1164,6094.08,0
1165,6091.9,0
1166,6089.72,0
1167,6087.57,0
1168,6085.44,0
1169,6083.28,0
1170,6081.19,0
1171,6079.03,0
1172,6076.94,0
1173,6074.88,0
1174,6072.82,0
1175,6070.79,0
1176,6068.05,0
1177,6065.98,0
1178,6063.94,0
1179,6061.91,0
1180,6059.9,0
1181,6057.85,0
1182,6055.73,0
1183,6053.62,0
1184,6051.51,0
1185,6049.41,0
1186,6047.35,0
1187,6045.21,0
1188,6043.09,0
1189,6040.98,0
1190,6038.89,0
1191,6036.77,0
1192,6034.62,0
1193,6032.49,0
1194,6030.33,0
1195,6028.21,0
1196,6025.41,0
1197,6023.27,0
1198,6021.89,0
1199,6021.89,0
1200,6019.79,0
1201,6017.66,0
1202,6015.56,0
1203,6013.53,0
1204,6011.61,0
1205,6009.51,0
1206,6007.54,0
1207,6005.57,0
1208,6002.77,0
1209,6000.67,0
1210,5998.59,0
1211,5996.69,0
1212,5994.69,0
1213,5992.61,0
1214,5990.63,0
1215,5988.65,0
1216,5986.66,0
1217,5984.63,0
1218,5982.68,0
1219,5980.67,0
1220,5978.62,0
1221,5976.57,0
1222,5974.47,0
1223,5972.44,0
1224,5970.36,0
1225,5968.26,0
1226,5966.21,0
1227,5964.2,0
1228,5961.43,0
1229,5959.36,0
1230,5957.34,0
1231,5955.33,0
1232,5953.37,0
1233,5951.39,0
1234,5949.36,0
1235,5947.26,0
1236,5945.25,0
1237,5943.52,0
1238,5941.53,0
1239,5939.47,0
1240,5937.55,0
1241,5935.64,0
1242,5933.7,0
1243,5931.73,0
1244,5929.75,0
1245,5927.86,0
1246,5925.95,0
1247,5923.95,0
1248,5922.03,0
1249,5920.13,0
1250,5917.47,0
1251,5915.48,0
1252,5913.52,0
1253,5911.53,0
1254,5909.54,0
1255,5907.57,0
1256,5905.5,0
1257,5903.5,0
1258,5901.48,0
1259,5899.54,0
1260,5897.57,0
1261,5895.57,0
1262,5893.61,0
1263,5891.66,0
1264,5889.79,0
1265,5887.89,0
1266,5885.97,0
1267,5884.17,0
1268,5882.29,0
1269,5880.25,0
1270,5878.4,0
1271,5876.49,0
1272,5874.55,0
1273,5872.6,0
1274,5870.65,0
1275,5868.66,0
1276,5866.14,0
1277,5864.31,0
1278,5862.53,0
1279,5860.66,0
1280,5858.76,0
1281,5856.82,0
1282,5854.98,0
1283,5853.08,0
1284,5851.17,0
1285,5849.27,0
1286,5847.34,0
1287,5845.43,0
1288,5843.47,0
1289,5841.48,0
1290,5839.59,0
1291,5837.77,0
1292,5835.91,0
1293,5834,0
1294,5832.03,0
1295,5830.1,0
1296,5828.25,0
1297,5825.65,0
1298,5823.76,0
1299,5821.83,0
1300,5819.98,0
1301,5818.08,0
1302,5816.24,0
1303,5814.37,0
1304,5812.69,0
1305,5810.98,0
1306,5809.16,0
1307,5807.42,0
1308,5805.7,0
1309,5803.83,0
1310,5801.99,0
1311,5800.25,0
1312,5798.43,0
1313,5796.64,0
1314,5794.84,0
1315,5793,0
1316,5791.15,0
1317,5788.61,0
1318,5786.72,0
1319,5784.87,0
1320,5783.04,0
1321,5781.19,0
1322,5779.33,0
1323,5777.48,0
1324,5775.68,0
1325,5773.89,0
1326,5772.06,0
1327,5770.23,0
1328,5768.46,0
1329,5766.64,0
1330,5764.85,0
1331,5762.98,0
1332,5761.21,0
1333,5759.42,0
1334,5757.62,0
1335,5755.9,0
1336,5754.21,0
1337,5752.52,0
1338,5750.22,0
1339,5748.5,0
1340,5746.77,0
1341,5745.03,0
1342,5743.33,0
1343,5741.62,0
1344,5739.9,0
1345,5738.16,0
1346,5736.38,0
1347,5734.63,0
1348,5732.82,0
1349,5731.09,0
1350,5729.32,0
1351,5727.46,0
1352,5725.64,0
1353,5723.88,0
1354,5722.05,0
1355,5720.26,0
1356,5718.47,0
1357,5716.68,0
1358,5714.94,0
1359,5712.67,0
1360,5710.9,0
1361,5709.15,0
1362,5707.47,0
1363,5705.79,0
1364,5704.07,0
1365,5702.47,0
1366,5700.77,0
1367,5699.05,0
1368,5697.28,0
1369,5695.56,0
1370,5693.98,0
1371,5692.32,0
1372,5690.63,0
1373,5689,0
1374,5687.3,0
1375,5685.57,0
1376,5683.82,0
1377,5682.12,0
1378,5680.44,0
1379,5678.67,0
1380,5676.34,0
1381,5674.62,0
1382,5672.88,0
1383,5671.12,0
1384,5669.42,0
1385,5667.7,0
1386,5666.01,0
1387,5664.25,0
1388,5662.53,0
1389,5660.81,0
1390,5659.1,0
1391,5657.36,0
1392,5655.66,0
1393,5653.97,0
1394,5652.32,0
1395,5650.68,0
1396,5649.03,0
1397,5647.35,0
1398,5645.63,0
1399,5643.95,0
1400,5642.23,0
1401,5640.14,0
1402,5638.59,0
1403,5637.03,0
1404,5635.49,0
1405,5633.96,0
1406,5632.28,0
1407,5630.54,0
1408,5628.84,0
1409,5627.22,0
1410,5625.55,0
1411,5623.83,0
1412,5622.17,0
1413,5620.52,0
1414,5618.86,0
1415,5617.17,0
1416,5615.48,0
1417,5613.8,0
1418,5612.07,0
1419,5610.4,0
1420,5608.75,0
1421,5607.05,0
1422,5604.77,0
1423,5603.12,0
1424,5601.41,0
1425,5599.85,0
1426,5598.26,0
1427,5596.65,0
1428,5594.93,0
1429,5593.38,0
1430,5591.8,0
1431,5590.2,0
1432,5588.63,0
1433,5587.07,0
1434,5585.52,0
1435,5583.97,0
1436,5582.46,0
1437,5580.85,0
1438,5579.34,0
1439,5577.73,0
1440,5576.12,0
1441,5574.52,0
1442,5572.88,0
1443,5571.25,0
1444,5569.15,0
1445,5567.48,0
1446,5565.87,0
1447,5564.26,0
1448,5562.6,0
1449,5560.95,0
1450,5559.4,0
1451,5557.87,0
1452,5556.26,0
1453,5554.62,0
1454,5552.98,0
1455,5551.45,0
1456,5549.94,0
1457,5548.43,0
1458,5546.91,0
1459,5545.36,0
1460,5543.8,0
1461,5542.26,0
1462,5540.67,0
1463,5539.13,0
1464,5537.2,0
1465,5535.71,0
1466,5534.14,0
1467,5532.63,0
1468,5531.06,0
1469,5529.54,0
1470,5528,0
1471,5526.47,0
1472,5524.95,0
1473,5523.42,0
1474,5521.9,0
1475,5520.29,0
1476,5518.76,0
1477,5517.17,0
1478,5515.57,0
1479,5513.94,0
1480,5512.36,0
1481,5510.79,0
1482,5509.22,0
1483,5507.64,0
1484,5506.13,0
1485,5504.14,0
1486,5502.61,0
1487,5501.07,0
1488,5499.53,0
1489,5498.01,0
1490,5496.44,0
1491,5494.89,0
1492,5493.25,0
1493,5491.78,0
1494,5490.36,0
1495,5488.96,0
1496,5487.56,0
1497,5486.19,0
1498,5484.83,0
1499,5483.38,0
1500,5481.96,0
1501,5480.34,0
1502,5478.8,0
1503,5477.34,0
1504,5475.8,0
1505,5474.25,0
1506,5472.21,0
1507,5470.75,0
1508,5469.21,0
1509,5467.73,0
1510,5466.22,0
1511,5464.59,0
1512,5462.96,0
1513,5461.38,0
1514,5459.87,0
1515,5458.42,0
1516,5456.92,0
1517,5455.5,0
1518,5454.03,0
1519,5452.58,0
1520,5451.1,0
1521,5449.56,0
1522,5448.08,0
1523,5446.61,0
1524,5445.16,0
1525,5443.26,0
1526,5441.88,0
1527,5440.5,0
1528,5439.04,0
1529,5437.69,0
1530,5436.37,0
1531,5434.88,0
1532,5433.4,0
1533,5431.94,0
1534,5430.59,0
1535,5429.14,0
1536,5427.68,0
1537,5426.23,0
1538,5424.83,0
1539,5423.51,0
1540,5421.94,0
1541,5420.4,0
1542,5418.97,0
1543,5417.46,0
1544,5415.95,0
1545,5414.48,0
1546,5412.49,0
1547,5411.06,0
1548,5409.62,0
1549,5408.14,0
1550,5406.69,0
1551,5405.14,0
1552,5403.66,0
1553,5402.26,0
1554,5400.87,0
1555,5399.51,0
1556,5398.07,0
1557,5396.63,0
1558,5395.25,0
1559,5393.86,0
1560,5392.47,0
1561,5391.13,0
1562,5389.78,0
1563,5388.45,0
1564,5387.04,0
1565,5385.67,0
1566,5384.37,0
1567,5382.98,0
1568,5380.96,0
1569,5379.62,0
1570,5378.34,0
1571,5376.8,0
1572,5375.34,0
1573,5373.97,0
1574,5372.5,0
1575,5371.04,0
1576,5369.7,0
1577,5368.37,0
1578,5366.91,0
1579,5365.48,0
1580,5364.13,0
1581,5362.69,0
1582,5361.23,0
1583,5359.83,0
1584,5358.4,0
1585,5356.94,0
1586,5355.59,0
1587,5354.27,0
1588,5352.58,0
1589,5351.21,0
1590,5349.89,0
1591,5348.54,0
1592,5347.26,0
1593,5345.96,0
1594,5344.71,0
1595,5343.34,0
1596,5342.06,0
1597,5340.72,0
1598,5339.44,0
1599,5338.18,0
1600,5336.86,0
1601,5335.44,0
1602,5334.05,0
1603,5332.57,0
1604,5331.17,0
1605,5329.78,0
1606,5328.41,0
1607,5327.06,0
1608,5325.65,0
1609,5324.22,0
1610,5322.82,0
1611,5320.96,0
1612,5319.54,0
1613,5318.18,0
1614,5316.82,0
1615,5315.44,0
1616,5314.08,0
1617,5312.78,0
1618,5311.4,0
1619,5310.03,0
1620,5308.7,0
1621,5307.34,0
1622,5305.98,0
1623,5304.73,0
1624,5303.48,0
1625,5302.26,0
1626,5301.04,0
1627,5299.75,0
1628,5298.48,0
1629,5297.19,0
1630,5295.88,0
1631,5294.13,0
1632,5292.85,0
1633,5291.55,0
1634,5290.16,0
1635,5288.79,0
1636,5287.43,0
1637,5286.1,0
1638,5284.73,0
1639,5283.33,0
1640,5281.99,0
1641,5280.62,0
1642,5279.23,0
1643,5277.92,0
1644,5276.57,0
1645,5275.23,0
1646,5273.84,0
1647,5272.47,0
1648,5271.09,0
1649,5269.78,0
1650,5268.42,0
1651,5266.74,0
1652,5265.51,0
1653,5264.34,0
1654,5263.18,0
1655,5261.95,0
1656,5260.71,0
1657,5259.44,0
1658,5258.08,0
1659,5256.77,0
1660,5255.49,0
1661,5254.25,0
1662,5253.03,0
1663,5251.78,0
1664,5250.55,0
1665,5249.26,0
1666,5247.95,0
1667,5246.72,0
1668,5245.41,0
1669,5244.16,0
1670,5242.86,0
1671,5241.07,0
1672,5239.8,0
1673,5238.95,0
1674,5237.17,0
1675,5235.84,0
1676,5234.53,0
1677,5233.18,0
1678,5231.81,0
1679,5230.53,0
1680,5229.16,0
1681,5227.8,0
1682,5226.49,0
1683,5225.29,0
1684,5224.15,0
1685,5223.05,0
1686,5221.76,0
1687,5220.47,0
1688,5219.28,0
1689,5218.02,0
1690,5216.85,0
1691,5215.69,0
1692,5214.48,0
1693,5212.85,0
1694,5211.62,0
1695,5210.32,0
1696,5209.06,0
1697,5207.76,0
1698,5206.46,0
1699,5205.21,0
1700,5203.93,0
1701,5202.6,0
1702,5201.35,0
1703,5200.1,0
1704,5198.85,0
1705,5197.6,0
1706,5196.27,0
1707,5194.92,0
1708,5193.62,0
1709,5192.24,0
1710,5190.92,0
1711,5189.74,0
1712,5188.49,0
1713,5186.83,0
1714,5185.73,0
1715,5184.59,0
1716,5183.45,0
1717,5182.41,0
1718,5181.25,0
1719,5180.05,0
1720,5178.9,0
1721,5177.74,0
1722,5176.63,0
1723,5175.47,0
1724,5174.24,0
1725,5172.99,0
1726,5171.8,0
1727,5170.6,0
1728,5169.38,0
1729,5168.05,0
1730,5166.79,0
1731,5165.5,0
1732,5164.24,0
1733,5163.02,0
1734,5161.78,0
1735,5160.08,0
1736,5158.84,0
1737,5157.69,0
1738,5156.54,0
1739,5155.33,0
1740,5154.11,0
1741,5152.88,0
1742,5151.62,0
1743,5150.3,0
1744,5148.99,0
1745,5147.89,0
1746,5146.82,0
1747,5145.62,0
1748,5144.54,0
1749,5143.35,0
1750,5142.21,0
1751,5141,0
1752,5139.76,0
1753,5138.56,0
1754,5137.4,0
1755,5135.91,0
1756,5134.73,0
1757,5133.53,0
1758,5132.4,0
1759,5131.21,0
1760,5130.01,0
1761,5128.83,0
1762,5127.66,0
1763,5126.49,0
1764,5125.33,0
1765,5124.12,0
1766,5122.95,0
1767,5121.73,0
1768,5120.56,0
1769,5119.31,0
1770,5118.01,0
1771,5116.77,0
1772,5115.58,0
1773,5114.42,0
1774,5113.34,0
1775,5112.18,0
1776,5110.69,0
1777,5109.48,0
1778,5108.33,0
1779,5107.21,0
1780,5105.93,0
1781,5104.77,0
1782,5103.65,0
1783,5102.57,0
1784,5101.48,0
1785,5100.41,0
1786,5099.26,0
1787,5098.07,0
1788,5096.94,0
1789,5095.81,0
1790,5094.73,0
1791,5093.61,0
1792,5092.42,0
1793,5091.22,0
1794,5090.09,0
1795,5088.95,0
1796,5087.8,0
1797,5086.18,0
1798,5084.89,0
1799,5083.64,0
1800,5082.34,0
1801,5081.1,0
1802,5079.86,0
1803,5078.58,0
1804,5077.31,0
1805,5076.11,0
1806,5074.98,0
1807,5073.92,0
1808,5072.88,0
1809,5071.81,0
1810,5070.77,0
1811,5069.71,0
1812,5068.51,0
1813,5067.49,0
1814,5066.44,0
1815,5065.33,0
1816,5064.21,0
1817,5063.13,0
1818,5061.72,0
1819,5060.67,0
1820,5059.56,0
1821,5058.38,0
1822,5057.24,0
1823,5056.12,0
1824,5055.03,0
1825,5053.86,0
1826,5052.67,0
1827,5051.51,0
1828,5050.36,0
1829,5049.19,0
1830,5048.02,0
1831,5046.82,0
1832,5045.6,0
1833,5044.48,0
1834,5043.39,0
1835,5042.29,0
1836,5041.05,0
1837,5039.94,0
1838,5038.37,0
1839,5037.29,0
1840,5036.25,0
1841,5035.06,0
1842,5033.98,0
1843,5032.85,0
1844,5031.79,0
1845,5030.81,0
1846,5029.81,0
1847,5028.77,0
1848,5027.72,0
1849,5026.68,0
1850,5025.6,0
1851,5024.54,0
1852,5023.42,0
1853,5022.31,0
1854,5021.27,0
1855,5020.22,0
1856,5019.16,0
1857,5018.03,0
1858,5016.91,0
1859,5015.84,0
1860,5014.81,0
1861,5013.33,0
1862,5012.12,0
1863,5011,0
1864,5009.87,0
1865,5008.75,0
1866,5007.65,0
1867,5006.57,0
1868,5005.67,0
1869,5004.71,0
1870,5003.67,0
1871,5002.49,0
1872,5001.46,0
1873,5000.32,0
1874,4999.25,0
1875,4998.13,0
1876,4997.02,0
1877,4995.94,0
1878,4994.83,0
1879,4993.79,0
1880,4992.78,0
1881,4991.77,0
1882,4990.72,0
1883,4989.58,0
1884,4988.86,0
1885,4987.77,0
1886,4986.32,0
1887,4985.16,0
1888,4984.09,0
1889,4983.01,0
1890,4981.86,0
1891,4980.73,0
1892,4979.6,0
1893,4978.46,0
1894,4977.34,0
1895,4976.14,0
1896,4975.02,0
1897,4973.96,0
1898,4972.84,0
1899,4971.76,0
1900,4970.71,0
1901,4969.75,0
1902,4968.77,0
1903,4967.67,0
1904,4966.58,0
1905,4965.56,0
1906,4964.54,0
1907,4963.04,0
1908,4961.98,0
1909,4960.99,0
1910,4959.99,0
1911,4959.01,0
1912,4958.06,0
1913,4957.05,0
1914,4956.02,0
1915,4954.96,0
1916,4953.87,0
1917,4952.85,0
1918,4951.84,0
1919,4950.87,0
1920,4949.82,0
1921,4948.77,0
1922,4947.64,0
1923,4946.59,0
1924,4945.52,0
1925,4944.4,0
1926,4943.29,0
1927,4942.16,0
1928,4940.7,0
1929,4939.64,0
1930,4938.59,0
1931,4937.56,0
1932,4936.47,0
1933,4935.57,0
1934,4934.54,0
1935,4933.47,0
1936,4932.81,0
1937,4931.91,0
1938,4930.83,0
1939,4929.84,0
1940,4928.91,0
1941,4927.96,0
1942,4926.92,0
1943,4925.95,0
1944,4924.95,0
1945,4923.94,0
1946,4922.86,0
1947,4921.78,0
1948,4920.76,0
1949,4919.71,0
1950,4918.68,0
1951,4917.69,0
1952,4916.63,0
1953,4915.51,0
1954,4914.44,0
1955,4913.41,0
1956,4912.38,0
1957,4910.97,0
1958,4909.87,0
1959,4908.81,0
1960,4907.75,0
1961,4906.68,0
1962,4905.66,0
1963,4904.58,0
1964,4903.44,0
1965,4902.43,0
1966,4901.37,0
1967,4900.32,0
1968,4899.34,0
1969,4898.28,0
1970,4897.29,0
1971,4896.38,0
1972,4895.46,0
1973,4894.5,0
1974,4893.57,0
1975,4892.69,0
1976,4891.76,0
1977,4890.6,0
1978,4889.63,0
1979,4888.63,0
1980,4887.65,0
1981,4886.67,0
1982,4885.66,0
1983,4884.67,0
1984,4883.72,0
1985,4882.71,0
1986,4881.7,0
1987,4880.66,0
1988,4879.62,0
1989,4878.59,0
1990,4877.58,0
1991,4876.49,0
1992,4875.44,0
1993,4874.39,0
1994,4873.37,0
1995,4872.31,0
1996,4871.42,0
1997,4870.45,0
1998,4869.24,0
1999,4868.2,0
2000,4867.16,0
2001,4866.06,0
2002,4865.1,0
2003,4864.25,0
2004,4863.33,0
2005,4862.46,0
2006,4861.54,0
2007,4860.56,0
2008,4859.63,0
2009,4858.72,0
2010,4857.84,0
2011,4856.9,0
2012,4855.91,0
2013,4854.94,0
2014,4853.95,0
2015,4852.96,0
2016,4851.92,0
2017,4850.89,0
2018,4849.91,0
2019,4848.57,0
2020,4847.91,0
2021,4846.51,0
2022,4845.55,0
2023,4844.55,0
2024,4843.58,0
2025,4842.56,0
2026,4841.56,0
2027,4840.5,0
2028,4839.45,0
2029,4838.57,0
2030,4837.63,0
2031,4836.72,0
2032,4835.71,0
2033,4834.77,0
2034,4833.83,0
2035,4832.91,0
2036,4831.98,0
2037,4831.11,0
2038,4830.24,0
2039,4829.4,0
2040,4828.3,0
2041,4827.42,0
2042,4826.54,0
2043,4825.63,0
2044,4824.72,0
2045,4823.81,0
2046,4822.93,0
2047,4822.01,0
2048,4821.04,0
2049,4820.01,0
2050,4819.01,0
2051,4818.01,0
2052,4817.03,0
2053,4816.07,0
2054,4815.12,0
2055,4814.13,0
2056,4813.09,0
2057,4812,0
2058,4811,0
2059,4810.02,0
2060,4808.75,0
2061,4807.83,0
2062,4807.23,0
2063,4806.07,0
2064,4805.3,0
2065,4804.4,0
2066,4803.49,0
2067,4802.58,0
2068,4801.71,0
2069,4800.82,0
2070,4799.92,0
2071,4799.02,0
2072,4798.11,0
2073,4797.18,0
2074,4796.28,0
2075,4795.43,0
2076,4794.55,0
2077,4793.65,0
2078,4792.71,0
2079,4791.78,0
2080,4790.89,0
2081,4790.02,0
2082,4788.82,0
2083,4787.91,0
2084,4786.95,0
2085,4785.93,0
2086,4784.88,0
2087,4783.89,0
2088,4782.94,0
2089,4782.03,0
2090,4781.14,0
2091,4780.25,0
2092,4779.28,0
2093,4778.28,0
2094,4777.37,0
2095,4776.49,0
2096,4775.6,0
2097,4774.74,0
2098,4773.84,0
2099,4772.97,0
2100,4772.06,0
2101,4771.2,0
2102,4770.14,0
2103,4769.36,0
2104,4768.53,0
2105,4767.67,0
2106,4766.82,0
2107,4765.97,0
2108,4765.14,0
2109,4764.22,0
2110,4763.28,0
2111,4762.38,0
2112,4761.44,0
2113,4760.49,0
2114,4759.57,0
2115,4758.65,0
2116,4757.77,0
2117,4756.86,0
2118,4755.9,0
2119,4754.97,0
2120,4753.99,0
2121,4752.93,0
2122,4751.99,0
2123,4750.78,0
2124,4749.87,0
2125,4748.98,0
2126,4748.08,0
2127,4747.12,0
2128,4746.25,0
2129,4745.32,0
2130,4744.4,0
2131,4743.58,0
2132,4742.8,0
2133,4741.95,0
2134,4741.11,0
2135,4740.34,0
2136,4739.54,0
2137,4738.69,0
2138,4737.82,0
2139,4736.96,0
2140,4736.11,0
2141,4735.24,0
2142,4734.35,0
2143,4733.45,0
2144,4732.28,0
2145,4731.36,0
2146,4730.43,0
2147,4729.48,0
2148,4728.59,0
2149,4727.7,0
2150,4726.76,0
2151,4725.83,0
2152,4724.89,0
2153,4723.93,0
2154,4723.02,0
2155,4722.1,0
2156,4721.2,0
2157,4720.48,0
2158,4719.65,0
2159,4718.72,0
2160,4717.9,0
2161,4717.02,0
2162,4716.24,0
2163,4715.45,0
2164,4714.57,0
2165,4713.43,0
2166,4712.6,0
2167,4711.83,0
2168,4711.02,0
2169,4710.23,0
2170,4709.41,0
2171,4708.54,0
2172,4707.67,0
2173,4706.87,0
2174,4706.08,0
2175,4705.16,0
2176,4704.29,0
2177,4703.45,0
2178,4702.63,0
2179,4701.78,0
2180,4700.89,0
2181,4700.01,0
2182,4699.1,0
2183,4698.21,0
2184,4697.29,0
2185,4696.4,0
2186,4695.53,0
2187,4694.39,0
2188,4693.56,0
2189,4692.84,0
2190,4692,0
2191,4691.12,0
2192,4690.23,0
2193,4689.38,0
2194,4688.51,0
2195,4687.63,0
2196,4686.76,0
2197,4686.01,0
2198,4685.15,0
2199,4684.37,0
2200,4683.56,0
2201,4682.72,0
2202,4681.94,0
2203,4681.17,0
2204,4680.38,0
2205,4679.58,0
2206,4678.79,0
2207,4677.59,0
2208,4676.66,0
2209,4675.73,0
2210,4674.84,0
2211,4673.96,0
2212,4673.12,0
2213,4672.29,0
2214,4671.44,0
2215,4670.59,0
2216,4669.76,0
2217,4668.91,0
2218,4667.98,0
2219,4667.09,0
2220,4666.29,0
2221,4665.46,0
2222,4664.65,0
2223,4663.96,0
2224,4663.18,0
2225,4662.35,0
2226,4661.53,0
2227,4660.73,0
2228,4659.64,0
2229,4659.14,0
2230,4658.09,0
2231,4657.31,0
2232,4656.56,0
2233,4655.72,0
2234,4654.86,0
2235,4654,0
2236,4653.17,0
2237,4652.37,0
2238,4651.53,0
2239,4650.71,0
2240,4649.85,0
2241,4649.01,0
2242,4648.19,0
2243,4647.35,0
2244,4646.44,0
2245,4645.52,0
2246,4644.65,0
2247,4643.79,0
2248,4642.92,0
2249,4641.77,0
2250,4640.93,0
2251,4640.16,0
2252,4639.31,0
2253,4638.45,0
2254,4637.69,0
2255,4636.84,0
2256,4636.1,0
2257,4635.36,0
2258,4634.6,0
2259,4633.88,0
2260,4633.14,0
2261,4632.37,0
2262,4631.6,0
2263,4630.86,0
2264,4630.09,0
2265,4629.35,0
2266,4628.52,0
2267,4627.75,0
2268,4626.97,0
2269,4625.83,0
2270,4625.08,0
2271,4624.21,0
2272,4623.33,0
2273,4622.5,0
2274,4621.65,0
2275,4620.8,0
2276,4619.97,0
2277,4619.09,0
2278,4618.24,0
2279,4617.43,0
2280,4616.63,0
2281,4615.75,0
2282,4614.87,0
2283,4613.98,0
2284,4613.1,0
2285,4612.3,0
2286,4611.56,0
2287,4610.8,0
2288,4610.13,0
2289,4609.48,0
2290,4608.49,0
2291,4607.69,0
2292,4606.94,0
2293,4606.21,0
2294,4605.48,0
2295,4604.75,0
2296,4603.95,0
2297,4603.17,0
2298,4602.35,0
2299,4601.56,0
2300,4600.8,0
2301,4599.98,0
2302,4599.19,0
2303,4598.37,0
2304,4597.62,0
2305,4596.78,0
2306,4595.9,0
2307,4595.05,0
2308,4594.19,0
2309,4593.39,0
2310,4592.61,0
2311,4591.53,0
2312,4590.74,0
2313,4589.93,0
2314,4589.1,0
2315,4588.17,0
2316,4587.3,0
2317,4586.47,0
2318,4585.73,0
2319,4585.09,0
2320,4584.35,0
2321,4583.64,0
2322,4582.88,0
2323,4582.1,0
2324,4581.43,0
2325,4580.81,0
2326,4580.09,0
2327,4579.35,0
2328,4578.63,0
2329,4577.94,0
2330,4577.25,0
2331,4576.23,0
2332,4575.44,0
2333,4574.6,0
2334,4573.82,0
2335,4573.01,0
2336,4572.21,0
2337,4571.43,0
2338,4570.6,0
2339,4569.72,0
2340,4568.87,0
2341,4568.06,0
2342,4567.21,0
2343,4566.4,0
2344,4565.63,0
2345,4564.92,0
2346,4564.17,0
2347,4563.34,0
2348,4562.45,0
2349,4561.57,0
2350,4560.75,0
2351,4560.07,0
2352,4559.44,0
2353,4558.51,0
2354,4557.83,0
2355,4557.19,0
2356,4556.45,0
2357,4555.72,0
2358,4555.01,0
2359,4554.26,0
2360,4553.58,0
2361,4552.91,0
2362,4552.21,0
2363,4551.47,0
2364,4550.75,0
2365,4549.99,0
2366,4549.23,0
2367,4548.45,0
2368,4547.66,0
2369,4546.81,0
2370,4545.97,0
2371,4545.11,0
2372,4544.37,0
2373,4543.59,0
2374,4542.51,0
2375,4541.6,0
2376,4540.76,0
2377,4540.04,0
2378,4539.24,0
2379,4538.44,0
2380,4537.69,0
2381,4536.98,0
2382,4536.16,0
2383,4535.39,0
2384,4534.65,0
2385,4533.95,0
2386,4533.26,0
2387,4532.58,0
2388,4531.92,0
2389,4531.25,0
2390,4530.56,0
2391,4529.87,0
2392,4529.2,0
2393,4528.52,0
2394,4527.53,0
2395,4526.79,0
2396,4526.04,0
2397,4525.33,0
2398,4524.65,0
2399,4523.94,0
2400,4523.19,0
2401,4522.44,0
2402,4521.71,0
2403,4520.9,0
2404,4520.11,0
2405,4519.29,0
2406,4518.5,0
2407,4517.7,0
2408,4516.83,0
2409,4516.08,0
2410,4515.36,0
2411,4514.69,0
2412,4513.88,0
2413,4513.05,0
2414,4512.4,0
2415,4511.73,0
2416,4511.01,0
2417,4510,0
2418,4509.25,0
2419,4508.5,0
2420,4507.78,0
2421,4507.11,0
2422,4506.48,0
2423,4505.8,0
2424,4505.14,0
2425,4504.47,0
2426,4503.78,0
2427,4503.09,0
2428,4502.4,0
2429,4501.66,0
2430,4500.92,0
2431,4500.2,0
2432,4499.42,0
2433,4498.67,0
2434,4497.89,0
2435,4497.16,0
2436,4496.21,0
2437,4495.45,0
2438,4494.72,0
2439,4493.95,0
2440,4493.22,0
2441,4492.46,0
2442,4491.69,0
2443,4490.98,0
2444,4490.22,0
2445,4489.56,0
2446,4488.91,0
2447,4488.3,0
2448,4487.74,0
2449,4487.17,0
2450,4486.47,0
2451,4485.69,0
2452,4485.03,0
2453,4484.36,0
2454,4483.68,0
2455,4483.09,0
2456,4482.39,0
2457,4481.72,0
2458,4480.85,0
2459,4480.14,0
2460,4479.43,0
2461,4478.7,0
2462,4477.94,0
2463,4477.14,0
2464,4476.37,0
2465,4475.6,0
2466,4474.8,0
2467,4474.05,0
2468,4473.32,0
2469,4472.53,0
2470,4471.77,0
2471,4471.05,0
2472,4470.36,0
2473,4469.65,0
2474,4468.88,0
2475,4468.14,0
2476,4467.47,0
2477,4466.65,0
2478,4465.55,0
2479,4464.87,0
2480,4464.18,0
2481,4463.54,0
2482,4462.87,0
2483,4462.21,0
2484,4461.58,0
2485,4460.91,0
2486,4460.25,0
2487,4459.58,0
2488,4458.88,0
2489,4458.19,0
2490,4457.55,0
2491,4456.88,0
2492,4456.19,0
2493,4455.5,0
2494,4454.78,0
2495,4454.03,0
2496,4453.23,0
2497,4452.46,0
2498,4451.71,0
2499,4450.67,0
2500,4449.84,0
2501,4449.12,0
2502,4448.37,0
2503,4447.64,0
2504,4446.81,0
2505,4445.99,0
2506,4445.31,0
2507,4444.62,0
2508,4443.93,0
2509,4443.29,0
2510,4442.67,0
2511,4442.08,0
2512,4441.41,0
2513,4440.78,0
2514,4440.05,0
2515,4439.5,0
2516,4438.85,0
2517,4438.24,0
2518,4437.66,0
2519,4437.05,0
2520,4436.23,0
2521,4435.6,0
2522,4434.97,0
2523,4434.23,0
2524,4433.56,0
2525,4432.83,0
2526,4432.06,0
2527,4431.3,0
2528,4430.52,0
2529,4429.83,0
2530,4429.08,0
2531,4428.33,0
2532,4427.61,0
2533,4426.91,0
2534,4426.24,0
2535,4425.56,0
2536,4424.79,0
2537,4424.04,0
2538,4423.4,0
2539,4422.82,0
2540,4421.98,0
2541,4421.3,0
2542,4420.66,0
2543,4420.06,0
2544,4419.39,0
2545,4418.69,0
2546,4417.95,0
2547,4417.26,0
2548,4416.65,0
2549,4416.09,0
2550,4415.48,0
2551,4414.88,0
2552,4414.26,0
2553,4413.61,0
2554,4412.98,0
2555,4412.33,0
2556,4411.62,0
2557,4410.9,0
2558,4410.16,0
2559,4409.42,0
2560,4408.75,0
2561,4407.84,0
2562,4407.13,0
2563,4406.44,0
2564,4405.67,0
2565,4404.97,0
2566,4404.25,0
2567,4403.53,0
2568,4402.76,0
2569,4402.03,0
2570,4401.28,0
2571,4400.55,0
2572,4399.89,0
2573,4399.2,0
2574,4398.54,0
2575,4397.91,0
2576,4397.26,0
2577,4396.68,0
2578,4396.06,0
2579,4395.45,0
2580,4394.89,0
2581,4394.11,0
2582,4393.72,0
2583,4392.94,0
2584,4392.34,0
2585,4391.71,0
2586,4391.03,0
2587,4390.38,0
2588,4389.73,0
2589,4389.01,0
2590,4388.31,0
2591,4387.62,0
2592,4386.99,0
2593,4386.35,0
2594,4385.6,0
2595,4384.89,0
2596,4384.25,0
2597,4383.61,0
2598,4382.97,0
2599,4382.27,0
2600,4381.59,0
2601,4380.81,0
2602,4380.15,0
2603,4379.48,0
2604,4378.93,0
2605,4378.23,0
2606,4377.52,0
2607,4376.86,0
2608,4376.21,0
2609,4375.53,0
2610,4374.93,0
2611,4374.26,0
2612,4373.61,0
2613,4372.97,0
2614,4372.4,0
2615,4371.78,0
2616,4371.2,0
2617,4370.6,0
2618,4369.94,0
2619,4369.28,0
2620,4368.69,0
2621,4368,0
2622,4367.36,0
2623,4366.52,0
2624,4365.82,0
2625,4365.11,0
2626,4364.34,0
2627,4363.64,0
2628,4362.99,0
2629,4362.26,0
2630,4361.49,0
2631,4360.78,0
2632,4360.2,0
2633,4359.69,0
2634,4358.98,0
2635,4358.24,0
2636,4357.47,0
2637,4356.78,0
2638,4356.07,0
2639,4355.51,0
2640,4354.93,0
2641,4354.37,0
2642,4353.73,0
2643,4352.99,0
2644,4352.5,0
2645,4351.94,0
2646,4351.36,0
2647,4350.78,0
2648,4350.21,0
2649,4349.61,0
2650,4348.98,0
2651,4348.38,0
2652,4347.78,0
2653,4347.09,0
2654,4346.42,0
2655,4345.71,0
2656,4345.02,0
2657,4344.37,0
2658,4343.74,0
2659,4343.06,0
2660,4342.38,0
2661,4341.74,0
2662,4341.06,0
2663,4340.49,0
2664,4339.63,0
2665,4339.02,0
2666,4338.4,0
2667,4337.83,0
2668,4337.17,0
2669,4336.49,0
2670,4335.82,0
2671,4335.25,0
2672,4334.7,0
2673,4334.11,0
2674,4333.54,0
2675,4333.01,0
2676,4332.48,0
2677,4331.91,0
2678,4331.31,0
2679,4330.74,0
2680,4330.14,0
2681,4329.52,0
2682,4328.87,0
2683,4328.15,0
2684,4327.47,0
2685,4326.58,0
2686,4325.95,0
2687,4325.34,0
2688,4324.69,0
2689,4323.98,0
2690,4323.27,0
2691,4322.54,0
2692,4321.87,0
2693,4321.27,0
2694,4320.63,0
2695,4319.96,0
2696,4319.35,0
2697,4318.72,0
2698,4318.05,0
2699,4317.49,0
2700,4316.86,0
2701,4316.28,0
2702,4315.77,0
2703,4315.15,0
2704,4314.53,0
2705,4313.74,0
2706,4313.39,0
2707,4312.71,0
2708,4312.19,0
2709,4311.63,0
2710,4311.08,0
2711,4310.48,0
2712,4309.87,0
2713,4309.26,0
2714,4308.61,0
2715,4307.97,0
2716,4307.33,0
2717,4306.7,0
2718,4306.06,0
2719,4305.38,0
2720,4304.68,0
2721,4303.99,0
2722,4303.31,0
2723,4302.68,0
2724,4302.08,0
2725,4301.37,0
2726,4300.44,0
2727,4299.8,0
2728,4299.17,0
2729,4298.54,0
2730,4297.96,0
2731,4297.37,0
2732,4296.78,0
2733,4296.11,0
2734,4295.49,0
2735,4294.97,0
2736,4294.47,0
2737,4293.96,0
2738,4293.44,0
2739,4292.92,0
2740,4292.38,0
2741,4291.83,0
2742,4291.31,0
2743,4290.8,0
2744,4290.25,0
2745,4289.67,0
2746,4289.04,0
2747,4288.4,0
2748,4287.61,0
2749,4287,0
2750,4286.39,0
2751,4285.75,0
2752,4285.17,0
2753,4284.55,0
2754,4283.87,0
2755,4283.17,0
2756,4282.51,0
2757,4281.9,0
2758,4281.36,0
2759,4280.75,0
2760,4280.17,0
2761,4279.49,0
2762,4278.99,0
2763,4278.48,0
2764,4277.87,0
2765,4277.27,0
2766,4276.69,0
2767,4276.12,0
2768,4275.4,0
2769,4274.83,0
2770,4274.25,0
2771,4273.7,0
2772,4273.18,0
2773,4272.64,0
2774,4272.13,0
2775,4271.61,0
2776,4271.05,0
2777,4270.54,0
2778,4269.98,0
2779,4269.35,0
2780,4268.77,0
2781,4268.19,0
2782,4267.6,0
2783,4266.96,0
2784,4266.37,0
2785,4265.67,0
2786,4265.01,0
2787,4264.47,0
2788,4263.83,0
2789,4263.21,0
2790,4262.36,0
2791,4261.77,0
2792,4261.14,0
2793,4260.48,0
2794,4259.91,0
2795,4259.32,0
2796,4258.8,0
2797,4258.26,0
2798,4257.76,0
2799,4257.19,0
2800,4256.62,0
2801,4256.1,0
2802,4255.56,0
2803,4254.98,0
2804,4254.38,0
2805,4253.77,0
2806,4253.21,0
2807,4252.62,0
2808,4252.02,0
2809,4251.51,0
2810,4250.79,0
2811,4250.32,0
2812,4249.78,0
2813,4249.14,0
2814,4248.54,0
2815,4247.95,0
2816,4247.38,0
2817,4246.77,0
2818,4246.13,0
2819,4245.55,0
2820,4244.97,0
2821,4244.41,0
2822,4243.75,0
2823,4243.11,0
2824,4242.41,0
2825,4241.73,0
2826,4241.08,0
2827,4240.51,0
2828,4239.98,0
2829,4239.49,0
2830,4239,0
2831,4238.33,0
2832,4237.79,0
2833,4237.26,0
2834,4236.8,0
2835,4236.3,0
2836,4235.75,0
2837,4235.19,0
2838,4234.68,0
2839,4234.13,0
2840,4233.52,0
2841,4232.91,0
2842,4232.35,0
2843,4231.8,0
2844,4231.22,0
2845,4230.69,0
2846,4230.03,0
2847,4229.42,0
2848,4228.88,0
2849,4228.26,0
2850,4227.55,0
2851,4226.96,0
2852,4226.2,0
2853,4225.59,0
2854,4225.04,0
2855,4224.39,0
2856,4223.78,0
2857,4223.21,0
2858,4222.59,0
2859,4222.06,0
2860,4221.59,0
2861,4221.01,0
2862,4220.48,0
2863,4219.9,0
2864,4219.39,0
2865,4218.81,0
2866,4218.3,0
2867,4217.8,0
2868,4217.31,0
2869,4216.81,0
2870,4216.31,0
2871,4215.78,0
2872,4215.17,0
2873,4214.41,0
2874,4213.87,0
2875,4213.33,0
2876,4212.75,0
2877,4212.18,0
2878,4211.61,0
2879,4211.02,0
2880,4210.41,0
2881,4209.8,0
2882,4209.18,0
2883,4208.55,0
2884,4208,0
2885,4207.38,0
2886,4206.76,0
2887,4206.24,0
2888,4205.66,0
2889,4205.14,0
2890,4204.61,0
2891,4204.09,0
2892,4203.52,0
2893,4202.9,0
2894,4202.11,0
2895,4201.82,0
2896,4201.28,0
2897,4200.81,0
2898,4200.29,0
2899,4199.73,0
2900,4199.12,0
2901,4198.58,0
2902,4198.11,0
2903,4197.59,0
2904,4197.1,0
2905,4196.59,0
2906,4196.05,0
2907,4195.53,0
2908,4194.96,0
2909,4194.38,0
2910,4193.76,0
2911,4193.15,0
2912,4192.54,0
2913,4191.91,0
2914,4191.32,0
2915,4190.59,0
2916,4189.93,0
2917,4189.31,0
2918,4188.69,0
2919,4188.07,0
2920,4187.43,0
2921,4186.85,0
2922,4186.4,0
2923,4185.89,0
2924,4185.35,0
2925,4184.87,0
2926,4184.39,0
2927,4183.94,0
2928,4183.47,0
2929,4183.04,0
2930,4182.49,0
2931,4181.96,0
2932,4181.54,0
2933,4181.04,0
2934,4180.56,0
2935,4180.03,0
2936,4179.33,0
2937,4178.76,0
2938,4178.19,0
2939,4177.67,0
2940,4177.13,0
2941,4176.58,0
2942,4176.03,0
2943,4175.49,0
2944,4174.86,0
2945,4174.2,0
2946,4173.55,0
2947,4173.03,0
2948,4172.47,0
2949,4171.9,0
2950,4171.33,0
2951,4170.78,0
2952,4170.2,0
2953,4169.68,0
2954,4169.18,0
2955,4168.79,0
2956,4168.21,0
2957,4167.57,0
2958,4167.02,0
2959,4166.58,0
2960,4166.14,0
2961,4165.62,0
2962,4165.05,0
2963,4164.5,0
2964,4164,0
2965,4163.52,0
2966,4163.05,0
2967,4162.58,0
2968,4162.06,0
2969,4161.47,0
2970,4160.94,0
2971,4160.39,0
2972,4159.79,0
2973,4159.19,0
2974,4158.64,0
2975,4158.12,0
2976,4157.52,0
2977,4156.95,0
2978,4156.42,0
2979,4155.68,0
2980,4155.05,0
2981,4154.65,0
2982,4154.12,0
2983,4153.57,0
2984,4152.95,0
2985,4152.41,0
2986,4151.92,0
2987,4151.4,0
2988,4150.86,0
2989,4150.42,0
2990,4149.94,0
2991,4149.5,0
2992,4149.06,0
2993,4148.56,0
2994,4148.07,0
2995,4147.55,0
2996,4147.01,0
2997,4146.52,0
2998,4146.03,0
2999,4145.37,0
3000,4144.86,0
3001,4144.33,0
3002,4143.78,0
3003,4143.21,0
3004,4142.66,0
3005,4142.1,0
3006,4141.51,0
3007,4140.88,0
3008,4140.27,0
3009,4139.71,0
3010,4139.17,0
3011,4138.62,0
3012,4138.01,0
3013,4137.41,0
3014,4136.96,0
3015,4136.51,0
3016,4136.02,0
3017,4135.56,0
3018,4135.15,0
3019,4134.59,0
3020,4133.99,0
3021,4133.52,0
3022,4132.99,0
3023,4132.46,0
3024,4131.91,0
3025,4131.4,0
3026,4130.95,0
3027,4130.49,0
3028,4130,0
3029,4129.55,0
3030,4129.1,0
3031,4128.65,0
3032,4128.15,0
3033,4127.65,0
3034,4127.14,0
3035,4126.56,0
3036,4126.01,0
3037,4125.49,0
3038,4124.94,0
3039,4124.33,0
3040,4123.79,0
3041,4123.19,0
3042,4122.59,0
3043,4122.05,0
3044,4121.56,0
3045,4121,0
3046,4120.36,0
3047,4119.8,0
3048,4119.2,0
3049,4118.65,0
3050,4118.13,0
3051,4117.6,0
3052,4117.14,0
3053,4116.71,0
3054,4116.18,0
3055,4115.91,0
3056,4115.46,0
3057,4114.98,0
3058,4114.51,0
3059,4114.05,0
3060,4113.55,0
3061,4113.01,0
3062,4112.48,0
3063,4111.94,0
3064,4111.38,0
3065,4110.81,0
3066,4110.11,0
3067,4109.77,0
3068,4109.19,0
3069,4108.61,0
3070,4108.08,0
3071,4107.48,0
3072,4106.94,0
3073,4106.36,0
3074,4105.81,0
3075,4105.26,0
3076,4104.65,0
3077,4104.15,0
3078,4103.49,0
3079,4102.96,0
3080,4102.44,0
3081,4102.02,0
3082,4101.6,0
3083,4101.15,0
3084,4100.67,0
3085,4100.22,0
3086,4099.8,0
3087,4099.35,0
3088,4098.85,0
3089,4098.35,0
3090,4097.85,0
3091,4097.33,0
3092,4096.86,0
3093,4096.4,0
3094,4095.96,0
3095,4095.37,0
3096,4094.87,0
3097,4094.43,0
3098,4093.97,0
3099,4093.42,0
3100,4092.81,0
3101,4092.22,0
3102,4091.69,0
3103,4091.14,0
3104,4090.51,0
3105,4089.9,0
3106,4089.33,0
3107,4088.85,0
3108,4088.33,0
3109,4087.74,0
3110,4087.17,0
3111,4086.68,0
3112,4086.22,0
3113,4085.7,0
3114,4085.06,0
3115,4084.72,0
3116,4084.26,0
3117,4083.9,0
3118,4083.5,0
3119,4083.08,0
3120,4082.6,0
3121,4082.17,0
3122,4081.7,0
3123,4081.31,0
3124,4080.89,0
3125,4080.43,0
3126,4080,0
3127,4079.56,0
3128,4079.05,0
3129,4078.5,0
3130,4077.92,0
3131,4077.36,0
3132,4077.36,0
3133,4076.78,0
3134,4076.26,0
3135,4075.75,0
3136,4075.24,0
3137,4074.7,0
3138,4074.17,0
3139,4073.78,0
3140,4073.27,0
3141,4072.45,0
3142,4071.87,0
3143,4071.38,0
3144,4070.9,0
3145,4070.38,0
3146,4069.88,0
3147,4069.45,0
3148,4068.97,0
3149,4068.61,0
3150,4068.14,0
3151,4067.63,0
3152,4067.21,0
3153,4066.75,0
3154,4066.34,0
3155,4065.83,0
3156,4065.37,0
3157,4064.92,0
3158,4064.41,0
3159,4063.9,0
3160,4063.41,0
3161,4062.9,0
3162,4062.27,0
3163,4061.77,0
3164,4061.23,0
3165,4060.73,0
3166,4060.22,0
3167,4059.69,0
3168,4059.19,0
3169,4058.66,0
3170,4058.18,0
3171,4057.68,0
3172,4057.12,0
3173,4056.63,0
3174,4056.14,0
3175,4055.63,0
3176,4055.15,0
3177,4054.72,0
3178,4054.31,0
3179,4053.92,0
3180,4053.5,0
3181,4053.07,0
3182,4052.64,0
3183,4052,0
3184,4051.55,0
3185,4051.12,0
3186,4050.73,0
3187,4050.29,0
3188,4049.85,0
3189,4049.37,0
3190,4048.89,0
3191,4048.42,0
3192,4047.94,0
3193,4047.49,0
3194,4047.01,0
3195,4046.53,0
3196,4045.99,0
3197,4045.46,0
3198,4044.9,0
3199,4044.36,0
3200,4043.81,0
3201,4043.28,0
3202,4042.78,0
3203,4042.13,0
3204,4041.7,0
3205,4041.18,0
3206,4040.69,0
3207,4040.26,0
3208,4039.81,0
3209,4039.3,0
3210,4038.83,0
3211,4038.32,0
3212,4037.92,0
3213,4037.51,0
3214,4037.1,0
3215,4036.68,0
3216,4036.2,0
3217,4035.73,0
3218,4035.3,0
3219,4034.89,0
3220,4034.49,0
3221,4034.08,0
3222,4033.63,0
3223,4033.18,0
3224,4032.5,0
3225,4032.01,0
3226,4031.53,0
3227,4031.07,0
3228,4030.55,0
3229,4030.04,0
3230,4029.54,0
3231,4029.01,0
3232,4028.48,0
3233,4027.99,0
3234,4027.48,0
3235,4027,0
3236,4026.53,0
3237,4026.08,0
3238,4025.56,0
3239,4025.06,0
3240,4024.56,0
3241,4024.06,0
3242,4023.5,0
3243,4023.06,0
3244,4022.73,0
3245,4022.17,0
3246,4021.73,0
3247,4021.29,0
3248,4020.83,0
3249,4020.43,0
3250,4020.04,0
3251,4019.63,0
3252,4019.17,0
3253,4018.72,0
3254,4018.27,0
3255,4017.8,0
3256,4017.31,0
3257,4016.84,0
3258,4016.35,0
3259,4015.85,0
3260,4015.36,0
3261,4014.92,0
3262,4014.45,0
3263,4013.99,0
3264,4013.48,0
3265,4012.79,0
3266,4012.31,0
3267,4011.71,0
3268,4011.31,0
3269,4010.93,0
3270,4010.45,0
3271,4009.95,0
3272,4009.51,0
3273,4009.08,0
3274,4008.68,0
3275,4008.32,0
3276,4007.94,0
3277,4007.54,0
3278,4007.09,0
3279,4006.67,0
3280,4006.27,0
3281,4005.86,0
3282,4005.36,0
3283,4004.9,0
3284,4004.42,0
3285,4003.87,0
3286,4003.4,0
3287,4002.95,0
3288,4002.48,0
3289,4002,0
3290,4001.58,0
3291,4001.13,0
3292,4000.64,0
3293,4000.12,0
3294,3999.59,0
3295,3999.08,0
3296,3998.58,0
3297,3998.05,0
3298,3997.53,0
3299,3996.98,0
3300,3996.42,0
3301,3996.01,0
3302,3995.68,0
3303,3995.18,0
3304,3994.69,0
3305,3994.2,0
3306,3993.8,0
3307,3993.29,0
3308,3992.71,0
3309,3992.3,0
3310,3991.94,0
3311,3991.56,0
3312,3991.15,0
3313,3990.74,0
3314,3990.34,0
3315,3989.94,0
3316,3989.51,0
3317,3989.08,0
3318,3988.6,0
3319,3988.12,0
3320,3987.65,0
3321,3987.17,0
3322,3986.75,0
3323,3986.31,0
3324,3985.81,0
3325,3985.3,0
3326,3984.84,0
3327,3984.36,0
3328,3983.63,0
3329,3983.14,0
3330,3982.7,0
3331,3982.19,0
3332,3981.72,0
3333,3981.2,0
3334,3980.8,0
3335,3980.36,0
3336,3979.91,0
3337,3979.46,0
3338,3979.04,0
3339,3978.67,0
3340,3978.21,0
3341,3977.82,0
3342,3977.42,0
3343,3976.99,0
3344,3976.63,0
3345,3976.18,0
3346,3975.76,0
3347,3975.38,0
3348,3975,0
3349,3974.55,0
3350,3974.14,0
3351,3973.66,0
3352,3973.22,0
3353,3972.78,0
3354,3972.3,0
3355,3971.83,0
3356,3971.38,0
3357,3970.85,0
3358,3970.3,0
3359,3969.76,0
3360,3969.24,0
3361,3968.71,0
3362,3968.25,0
3363,3967.83,0
3364,3967.43,0
3365,3966.96,0
3366,3966.56,0
3367,3966.05,0
3368,3965.52,0
3369,3964.98,0
3370,3964.6,0
3371,3964.27,0
3372,3963.85,0
3373,3963.48,0
3374,3963.17,0
3375,3962.8,0
3376,3962.42,0
3377,3961.99,0
3378,3961.53,0
3379,3961.13,0
3380,3960.78,0
3381,3960.41,0
3382,3959.99,0
3383,3959.6,0
3384,3959.18,0
3385,3958.74,0
3386,3958.26,0
3387,3957.76,0
3388,3957.28,0
3389,3956.8,0
3390,3956.09,0
3391,3955.58,0
3392,3955.14,0
3393,3954.7,0
3394,3954.29,0
3395,3953.83,0
3396,3953.46,0
3397,3953,0
3398,3952.56,0
3399,3952.11,0
3400,3951.68,0
3401,3951.28,0
3402,3950.92,0
3403,3950.62,0
3404,3950.27,0
3405,3949.9,0
3406,3949.57,0
3407,3949.14,0
3408,3948.75,0
3409,3948.34,0
3410,3947.94,0
3411,3947.43,0
3412,3947,0
3413,3946.54,0
3414,3946.06,0
3415,3945.61,0
3416,3945.17,0
3417,3944.72,0
3418,3944.31,0
3419,3943.86,0
3420,3943.3,0
3421,3942.74,0
3422,3942.25,0
3423,3941.73,0
3424,3941.22,0
3425,3940.81,0
3426,3940.32,0
3427,3939.87,0
3428,3939.38,0
3429,3938.91,0
3430,3938.44,0
3431,3937.87,0
3432,3937.45,0
3433,3937.05,0
3434,3936.59,0
3435,3936.31,0
3436,3936.02,0
3437,3935.63,0
3438,3935.25,0
3439,3934.9,0
3440,3934.5,0
3441,3934.08,0
3442,3933.67,0
3443,3933.24,0
3444,3932.83,0
3445,3932.45,0
3446,3932.04,0
3447,3931.59,0
3448,3931.15,0
3449,3930.69,0
3450,3930.25,0
3451,3929.77,0
3452,3929.38,0
3453,3928.78,0
3454,3928.27,0
3455,3927.86,0
3456,3927.44,0
3457,3927.03,0
3458,3926.65,0
3459,3926.27,0
3460,3925.84,0
3461,3925.42,0
3462,3924.91,0
3463,3924.42,0
3464,3923.97,0
3465,3923.54,0
3466,3923.13,0
3467,3922.78,0
3468,3922.39,0
3469,3922.09,0
3470,3921.74,0
3471,3921.36,0
3472,3921,0
3473,3920.62,0
3474,3920.13,0
3475,3919.74,0
3476,3919.36,0
3477,3918.98,0
3478,3918.57,0
3479,3918.2,0
3480,3917.84,0
3481,3917.46,0
3482,3916.97,0
3483,3916.55,0
3484,3916.04,0
3485,3915.56,0
3486,3915.11,0
3487,3914.58,0
3488,3914.09,0
3489,3913.61,0
3490,3913.18,0
3491,3912.65,0
3492,3912.18,0
3493,3911.72,0
3494,3911.35,0
3495,3910.88,0
3496,3910.48,0
3497,3910.18,0
3498,3909.77,0
3499,3909.39,0
3500,3908.99,0
3501,3908.53,0
3502,3908.22,0
3503,3907.82,0
3504,3907.49,0
3505,3907.18,0
3506,3906.78,0
3507,3906.42,0
3508,3906.03,0
3509,3905.65,0
3510,3905.28,0
3511,3904.89,0
3512,3904.48,0
3513,3904.03,0
3514,3903.61,0
3515,3903.04,0
3516,3902.55,0
3517,3902.01,0
3518,3901.54,0
3519,3901.05,0
3520,3900.63,0
3521,3900.13,0
3522,3899.73,0
3523,3899.31,0
3524,3898.89,0
3525,3898.48,0
3526,3898.06,0
3527,3897.62,0
3528,3897.17,0
3529,3896.81,0
3530,3896.5,0
3531,3896.13,0
3532,3895.76,0
3533,3895.42,0
3534,3895.04,0
3535,3894.69,0
3536,3894.35,0
3537,3893.85,0
3538,3893.47,0
3539,3893.09,0
3540,3892.74,0
3541,3892.39,0
3542,3891.97,0
3543,3891.56,0
3544,3891.24,0
3545,3890.85,0
3546,3890.39,0
3547,3889.97,0
3548,3889.53,0
3549,3889.06,0
3550,3888.61,0
3551,3888.15,0
3552,3887.77,0
3553,3887.3,0
3554,3886.78,0
3555,3886.39,0
3556,3885.94,0
3557,3885.57,0
3558,3884.91,0
3559,3884.42,0
3560,3884.07,0
3561,3883.71,0
3562,3883.28,0
3563,3882.82,0
3564,3882.45,0
3565,3882.06,0
3566,3881.64,0
3567,3881.29,0
3568,3880.97,0
3569,3880.63,0
3570,3880.32,0
3571,3880,0
3572,3879.65,0
3573,3879.33,0
3574,3878.97,0
3575,3878.58,0
3576,3878.13,0
3577,3877.72,0
3578,3877.15,0
3579,3876.72,0
3580,3876.27,0
3581,3875.78,0
3582,3875.27,0
3583,3874.81,0
3584,3874.36,0
3585,3873.92,0
3586,3873.58,0
3587,3873.2,0
3588,3872.82,0
3589,3872.41,0
3590,3872,0
3591,3871.52,0
3592,3871.07,0
3593,3870.79,0
3594,3870.49,0
3595,3870.24,0
3596,3869.92,0
3597,3869.56,0
3598,3869.26,0
3599,3868.77,0
3600,3868.38,0
3601,3868.04,0
3602,3867.67,0
3603,3867.3,0
3604,3866.89,0
3605,3866.43,0
3606,3866,0
3607,3865.55,0
3608,3865.15,0
3609,3864.77,0
3610,3864.32,0
3611,3863.88,0
3612,3863.46,0
3613,3863.02,0
3614,3862.57,0
3615,3862.15,0
3616,3861.69,0
3617,3861.29,0
3618,3860.8,0
3619,3860.22,0
3620,3859.83,0
3621,3859.44,0
3622,3859.01,0
3623,3858.61,0
3624,3858.19,0
3625,3857.79,0
3626,3857.46,0
3627,3857.12,0
3628,3856.85,0
3629,3856.51,0
3630,3856.16,0
3631,3855.86,0
3632,3855.48,0
3633,3855.13,0
3634,3854.78,0
3635,3854.43,0
3636,3854.02,0
3637,3853.6,0
3638,3853.2,0
3639,3852.75,0
3640,3852.34,0
3641,3851.74,0
3642,3851.33,0
3643,3850.97,0
3644,3850.59,0
3645,3850.19,0
3646,3849.79,0
3647,3849.34,0
3648,3848.92,0
3649,3848.44,0
3650,3848.04,0
3651,3847.58,0
3652,3847.16,0
3653,3846.67,0
3654,3846.18,0
3655,3845.83,0
3656,3845.44,0
3657,3845.14,0
3658,3844.9,0
3659,3844.55,0
3660,3844.14,0
3661,3843.71,0
3662,3843.24,0
3663,3842.93,0
3664,3842.6,0
3665,3842.31,0
3666,3842.02,0
3667,3841.72,0
3668,3841.38,0
3669,3841,0
3670,3840.58,0
3671,3840.18,0
3672,3839.69,0
3673,3839.24,0
3674,3838.82,0
3675,3838.42,0
3676,3838.01,0
3677,3837.64,0
3678,3837.27,0
3679,3836.84,0
3680,3836.33,0
3681,3835.86,0
3682,3835.42,0
3683,3835.05,0
3684,3834.6,0
3685,3834.22,0
3686,3833.76,0
3687,3833.37,0
3688,3832.93,0
3689,3832.63,0
3690,3832.41,0
3691,3832.09,0
3692,3831.74,0
3693,3831.42,0
3694,3831.12,0
3695,3830.77,0
3696,3830.39,0
3697,3830.08,0
3698,3829.75,0
3699,3829.38,0
3700,3829,0
3701,3828.59,0
3702,3828.18,0
3703,3827.79,0
3704,3827.21,0
3705,3826.76,0
3706,3826.35,0
3707,3825.95,0
3708,3825.53,0
3709,3825.12,0
3710,3824.67,0
3711,3824.25,0
3712,3823.86,0
3713,3823.44,0
3714,3823.04,0
3715,3822.64,0
3716,3822.26,0
3717,3821.93,0
3718,3821.52,0
3719,3821.13,0
3720,3820.65,0
3721,3820.19,0
3722,3819.94,0
3723,3819.63,0
3724,3819.13,0
3725,3818.76,0
3726,3818.49,0
3727,3818.2,0
3728,3817.91,0
3729,3817.61,0
3730,3817.25,0
3731,3816.9,0
3732,3816.58,0
3733,3816.21,0
3734,3815.81,0
3735,3815.45,0
3736,3815.09,0
3737,3814.7,0
3738,3814.32,0
3739,3813.91,0
3740,3813.49,0
3741,3813.06,0
3742,3812.7,0
3743,3812.28,0
3744,3811.87,0
3745,3811.34,0
3746,3810.99,0
3747,3810.59,0
3748,3810.21,0
3749,3809.85,0
3750,3809.6,0
3751,3809.16,0
3752,3808.78,0
3753,3808.46,0
3754,3808.17,0
3755,3807.87,0
3756,3807.52,0
3757,3807.13,0
3758,3806.83,0
3759,3806.57,0
3760,3806.22,0
3761,3805.86,0
3762,3805.53,0
3763,3805.18,0
3764,3804.82,0
3765,3804.48,0
3766,3804.05,0
3767,3803.69,0
3768,3803.36,0
3769,3802.96,0
3770,3802.51,0
3771,3802.05,0
3772,3801.66,0
3773,3801.22,0
3774,3800.74,0
3775,3800.3,0
3776,3799.9,0
3777,3799.49,0
3778,3799.13,0
3779,3798.76,0
3780,3798.43,0
3781,3798.08,0
3782,3797.61,0
3783,3797.21,0
3784,3796.8,0
3785,3796.56,0
3786,3796.23,0
3787,3795.86,0
3788,3795.63,0
3789,3795.39,0
3790,3795.15,0
3791,3794.89,0
3792,3794.59,0
3793,3794.3,0
3794,3793.97,0
3795,3793.65,0
3796,3793.28,0
3797,3792.89,0
3798,3792.51,0
3799,3792.17,0
3800,3791.85,0
3801,3791.46,0
3802,3791.1,0
3803,3790.74,0
3804,3790.34,0
3805,3789.94,0
3806,3789.5,0
3807,3789.02,0
3808,3788.51,0
3809,3788.17,0
3810,3787.81,0
3811,3787.36,0
3812,3787.01,0
3813,3786.6,0
3814,3786.15,0
3815,3785.84,0
3816,3785.49,0
3817,3785.15,0
3818,3784.76,0
3819,3784.39,0
3820,3784.06,0
3821,3783.72,0
3822,3783.42,0
3823,3783.1,0
3824,3782.78,0
3825,3782.51,0
3826,3782.26,0
3827,3781.95,0
3828,3781.6,0
3829,3781.08,0
3830,3780.74,0
3831,3780.35,0
3832,3779.94,0
3833,3779.53,0
3834,3779.11,0
3835,3778.7,0
3836,3778.31,0
3837,3777.91,0
3838,3777.5,0
3839,3777.12,0
3840,3776.74,0
3841,3776.3,0
3842,3775.9,0
3843,3775.5,0
3844,3775.16,0
3845,3774.73,0
3846,3774.36,0
3847,3774.11,0
3848,3773.83,0
3849,3773.43,0
3850,3773.11,0
3851,3772.77,0
3852,3772.41,0
3853,3772.07,0
3854,3771.77,0
3855,3771.46,0
3856,3771.18,0
3857,3770.88,0
3858,3770.56,0
3859,3770.25,0
3860,3769.98,0
3861,3769.71,0
3862,3769.44,0
3863,3769.09,0
3864,3768.68,0
3865,3768.31,0
3866,3767.91,0
3867,3767.49,0
3868,3767.08,0
3869,3766.67,0
3870,3766.27,0
3871,3765.81,0
3872,3765.19,0
3873,3764.84,0
3874,3764.52,0
3875,3764.11,0
3876,3763.73,0
3877,3763.4,0
3878,3763.05,0
3879,3762.67,0
3880,3762.34,0
3881,3761.91,0
3882,3761.68,0
3883,3761.38,0
3884,3761.14,0
3885,3760.87,0
3886,3760.58,0
3887,3760.26,0
3888,3759.96,0
3889,3759.69,0
3890,3759.45,0
3891,3758.94,0
3892,3758.58,0
3893,3758.19,0
3894,3757.83,0
3895,3757.44,0
3896,3757.07,0
3897,3756.73,0
3898,3756.35,0
3899,3755.96,0
3900,3755.6,0
3901,3755.25,0
3902,3754.86,0
3903,3754.4,0
3904,3753.93,0
3905,3753.58,0
3906,3753.19,0
3907,3752.82,0
3908,3752.46,0
3909,3752.1,0
3910,3751.86,0
3911,3751.53,0
3912,3751.2,0
3913,3750.82,0
3914,3750.61,0
3915,3750.26,0
3916,3749.97,0
3917,3749.66,0
3918,3749.37,0
3919,3749.12,0
3920,3748.88,0
3921,3748.62,0
3922,3748.3,0
3923,3748,0
3924,3747.68,0
3925,3747.37,0
3926,3747.04,0
3927,3746.64,0
3928,3746.17,0
3929,3745.79,0
3930,3745.4,0
3931,3745,0
3932,3744.61,0
3933,3744.24,0
3934,3743.77,0
3935,3743.45,0
3936,3743.02,0
3937,3742.69,0
3938,3742.35,0
3939,3742.06,0
3940,3741.66,0
3941,3741.31,0
3942,3741.08,0
3943,3740.85,0
3944,3740.6,0
3945,3740.26,0
3946,3739.88,0
3947,3739.53,0
3948,3739.19,0
3949,3738.87,0
3950,3738.58,0
3951,3738.27,0
3952,3737.97,0
3953,3737.63,0
3954,3737.42,0
3955,3737.11,0
3956,3736.61,0
3957,3736.26,0
3958,3735.9,0
3959,3735.52,0
3960,3735.16,0
3961,3734.79,0
3962,3734.41,0
3963,3734.07,0
3964,3733.62,0
3965,3733.18,0
3966,3732.85,0
3967,3732.5,0
3968,3732.13,0
3969,3731.77,0
3970,3731.52,0
3971,3731.23,0
3972,3730.84,0
3973,3730.55,0
3974,3730.16,0
3975,3729.71,0
3976,3729.45,0
3977,3729.22,0
3978,3728.95,0
3979,3728.65,0
3980,3728.3,0
3981,3727.95,0
3982,3727.66,0
3983,3727.42,0
3984,3727.16,0
3985,3726.85,0
3986,3726.52,0
3987,3726.18,0
3988,3725.78,0
3989,3725.41,0
3990,3725.01,0
3991,3724.58,0
3992,3724.17,0
3993,3723.79,0
3994,3723.37,0
3995,3722.94,0
3996,3722.52,0
3997,3722.02,0
3998,3721.65,0
3999,3721.28,0
4000,3720.91,0
4001,3720.47,0
4002,3720.3,0
4003,3719.96,0
4004,3719.67,0
4005,3719.34,0
4006,3718.93,0
4007,3718.5,0
4008,3718.16,0
4009,3717.87,0
4010,3717.59,0
4011,3717.27,0
4012,3716.99,0
4013,3716.7,0
4014,3716.4,0
4015,3716.11,0
4016,3715.84,0
4017,3715.59,0
4018,3715.31,0
4019,3715.05,0
4020,3714.74,0
4021,3714.43,0
4022,3714.08,0
4023,3713.56,0
4024,3713.28,0
4025,3712.93,0
4026,3712.53,0
4027,3712.15,0
4028,3711.77,0
4029,3711.42,0
4030,3711,0
4031,3710.66,0
4032,3710.4,0
4033,3710.06,0
4034,3709.73,0
4035,3709.3,0
4036,3708.92,0
4037,3708.48,0
4038,3708.04,0
4039,3707.74,0
4040,3707.42,0
4041,3707.08,0
4042,3706.84,0
4043,3706.6,0
4044,3706.33,0
4045,3706.09,0
4046,3705.82,0
4047,3705.52,0
4048,3705.24,0
4049,3704.93,0
4050,3704.61,0
4051,3704.29,0
4052,3704.03,0
4053,3703.71,0
4054,3703.38,0
4055,3703.03,0
4056,3702.64,0
4057,3702.3,0
4058,3701.87,0
4059,3701.4,0
4060,3701,0
4061,3700.62,0
4062,3700.22,0
4063,3699.87,0
4064,3699.57,0
4065,3699.22,0
4066,3698.92,0
4067,3698.57,0
4068,3698.21,0
4069,3697.83,0
4070,3697.4,0
4071,3697.05,0
4072,3696.8,0
4073,3696.48,0
4074,3696.21,0
4075,3695.9,0
4076,3695.62,0
4077,3695.37,0
4078,3695.15,0
4079,3694.94,0
4080,3694.65,0
4081,3694.39,0
4082,3694.13,0
4083,3693.78,0
4084,3693.44,0
4085,3693.12,0
4086,3692.74,0
4087,3692.35,0
4088,3692,0
4089,3691.63,0
4090,3691.26,0
4091,3690.88,0
4092,3690.55,0
4093,3690.22,0
4094,3689.88,0
4095,3689.55,0
4096,3689.22,0
4097,3688.77,0
4098,3688.37,0
4099,3688.07,0
4100,3687.8,0
4101,3687.44,0
4102,3687.2,0
4103,3686.98,0
4104,3686.74,0
4105,3686.42,0
4106,3686.21,0
4107,3686.08,0
4108,3685.83,0
4109,3685.55,0
4110,3685.22,0
4111,3684.97,0
4112,3684.59,0
4113,3684.18,0
4114,3683.69,0
4115,3683.34,0
4116,3682.97,0
4117,3682.66,0
4118,3682.35,0
4119,3682.04,0
4120,3681.73,0
4121,3681.4,0
4122,3681.04,0
4123,3680.69,0
4124,3680.34,0
4125,3680.01,0
4126,3679.63,0
4127,3679.29,0
4128,3678.96,0
4129,3678.68,0
4130,3678.41,0
4131,3678.15,0
4132,3677.79,0
4133,3677.42,0
4134,3677,0
4135,3676.67,0
4136,3676.39,0
4137,3676.07,0
4138,3675.76,0
4139,3675.51,0
4140,3675.21,0
4141,3674.91,0
4142,3674.61,0
4143,3674.33,0
4144,3674.07,0
4145,3673.77,0
4146,3673.51,0
4147,3673.22,0
4148,3672.86,0
4149,3672.5,0
4150,3672.18,0
4151,3671.78,0
4152,3671.38,0
4153,3671.01,0
4154,3670.68,0
4155,3670.19,0
4156,3669.84,0
4157,3669.49,0
4158,3669.23,0
4159,3668.98,0
4160,3668.72,0
4161,3668.36,0
4162,3668.1,0
4163,3667.81,0
4164,3667.5,0
4165,3667.18,0
4166,3666.88,0
4167,3666.51,0
4168,3666.14,0
4169,3665.84,0
4170,3665.48,0
4171,3665.15,0
4172,3664.81,0
4173,3664.54,0
4174,3664.26,0
4175,3664,0
4176,3663.71,0
4177,3663.39,0
4178,3663.06,0
4179,3662.61,0
4180,3662.34,0
4181,3662.05,0
4182,3661.77,0
4183,3661.48,0
4184,3661.22,0
4185,3660.87,0
4186,3660.51,0
4187,3660.23,0
4188,3659.92,0
4189,3659.51,0
4190,3659.17,0
4191,3658.88,0
4192,3658.59,0
4193,3658.32,0
4194,3657.99,0
4195,3657.73,0
4196,3657.39,0
4197,3657.09,0
4198,3656.76,0
4199,3656.52,0
4200,3656.28,0
4201,3655.86,0
4202,3655.54,0
4203,3655.25,0
4204,3654.97,0
4205,3654.66,0
4206,3654.35,0
4207,3654.07,0
4208,3653.77,0
4209,3653.46,0
4210,3653.17,0
4211,3652.89,0
4212,3652.6,0
4213,3652.32,0
4214,3651.95,0
4215,3651.58,0
4216,3651.24,0
4217,3650.93,0
4218,3650.57,0
4219,3650.12,0
4220,3649.73,0
4221,3649.35,0
4222,3648.95,0
4223,3648.57,0
4224,3648.28,0
4225,3647.97,0
4226,3647.66,0
4227,3647.27,0
4228,3647.01,0
4229,3646.78,0
4230,3646.5,0
4231,3646.23,0
4232,3645.88,0
4233,3645.74,0
4234,3645.35,0
4235,3645.07,0
4236,3644.8,0
4237,3644.54,0
4238,3644.35,0
4239,3644.11,0
4240,3643.87,0
4241,3643.55,0
4242,3643.25,0
4243,3642.95,0
4244,3642.57,0
4245,3642.2,0
4246,3641.84,0
4247,3641.48,0
4248,3641.14,0
4249,3640.87,0
4250,3640.61,0
4251,3640.28,0
4252,3639.95,0
4253,3639.63,0
4254,3639.1,0
4255,3638.85,0
4256,3638.52,0
4257,3638.18,0
4258,3637.83,0
4259,3637.54,0
4260,3637.31,0
4261,3637.1,0
4262,3636.75,0
4263,3636.47,0
4264,3636.23,0
4265,3635.96,0
4266,3635.72,0
4267,3635.41,0
4268,3635.14,0
4269,3634.86,0
4270,3634.58,0
4271,3634.29,0
4272,3634.05,0
4273,3633.78,0
4274,3633.51,0
4275,3633.26,0
4276,3632.84,0
4277,3632.52,0
4278,3632.15,0
4279,3631.79,0
4280,3631.49,0
4281,3631.16,0
4282,3630.8,0
4283,3630.47,0
4284,3630.1,0
4285,3629.78,0
4286,3629.5,0
4287,3629.32,0
4288,3629.02,0
4289,3628.68,0
4290,3628.48,0
4291,3628.14,0
4292,3627.89,0
4293,3627.58,0
4294,3627.25,0
4295,3626.96,0
4296,3626.69,0
4297,3626.44,0
4298,3626.24,0
4299,3625.98,0
4300,3625.73,0
4301,3625.45,0
4302,3625.12,0
4303,3624.85,0
4304,3624.52,0
4305,3624.2,0
4306,3623.86,0
4307,3623.52,0
4308,3623.15,0
4309,3622.83,0
4310,3622.55,0
4311,3622.21,0
4312,3621.84,0
4313,3621.46,0
4314,3621.16,0
4315,3620.86,0
4316,3620.58,0
4317,3620.32,0
4318,3620.08,0
4319,3619.7,0
4320,3619.39,0
4321,3619,0
4322,3618.7,0
4323,3618.3,0
4324,3618.15,0
4325,3618.05,0
4326,3617.8,0
4327,3617.51,0
4328,3617.17,0
4329,3616.89,0
4330,3616.63,0
4331,3616.36,0
4332,3616.08,0
4333,3615.79,0
4334,3615.52,0
4335,3615.26,0
4336,3615.02,0
4337,3614.77,0
4338,3614.51,0
4339,3614.14,0
4340,3613.85,0
4341,3613.55,0
4342,3613.31,0
4343,3612.98,0
4344,3612.65,0
4345,3612.29,0
4346,3611.98,0
4347,3611.67,0
4348,3611.3,0
4349,3610.92,0
4350,3610.68,0
4351,3610.39,0
4352,3610.01,0
4353,3609.7,0
4354,3609.34,0
4355,3608.99,0
4356,3608.73,0
4357,3608.46,0
4358,3608.18,0
4359,3607.93,0
4360,3607.67,0
4361,3607.42,0
4362,3607.2,0
4363,3606.94,0
4364,3606.78,0
4365,3606.58,0
4366,3606.35,0
4367,3606.12,0
4368,3605.89,0
4369,3605.68,0
4370,3605.38,0
4371,3605.01,0
4372,3604.66,0
4373,3604.33,0
4374,3603.95,0
4375,3603.61,0
4376,3603.28,0
4377,3602.96,0
4378,3602.61,0
4379,3602.31,0
4380,3601.94,0
4381,3601.57,0
4382,3601.08,0
4383,3600.82,0
4384,3600.55,0
4385,3600.34,0
4386,3599.93,0
4387,3599.67,0
4388,3599.44,0
4389,3599.28,0
4390,3599.09,0
4391,3598.89,0
4392,3598.66,0
4393,3598.35,0
4394,3598.05,0
4395,3597.83,0
4396,3597.68,0
4397,3597.34,0
4398,3597.19,0
4399,3596.89,0
4400,3596.55,0
4401,3596.16,0
4402,3595.79,0
4403,3595.43,0
4404,3595.22,0
4405,3594.82,0
4406,3594.5,0
4407,3594.27,0
4408,3594.04,0
4409,3593.74,0
4410,3593.41,0
4411,3593.1,0
4412,3592.81,0
4413,3592.47,0
4414,3592.15,0
4415,3591.76,0
4416,3591.41,0
4417,3591.25,0
4418,3590.91,0
4419,3590.5,0
4420,3590.24,0
4421,3589.94,0
4422,3589.7,0
4423,3589.48,0
4424,3589.13,0
4425,3588.88,0
4426,3588.66,0
4427,3588.43,0
4428,3588.17,0
4429,3587.84,0
4430,3587.53,0
4431,3587.24,0
4432,3586.96,0
4433,3586.72,0
4434,3586.46,0
4435,3586.23,0
4436,3585.94,0
4437,3585.63,0
4438,3585.37,0
4439,3584.94,0
4440,3584.65,0
4441,3584.37,0
4442,3584.05,0
4443,3583.68,0
4444,3583.27,0
4445,3582.93,0
4446,3582.59,0
4447,3582.32,0
4448,3582.04,0
4449,3581.78,0
4450,3581.58,0
4451,3581.31,0
4452,3581.08,0
4453,3580.83,0
4454,3580.58,0
4455,3580.35,0
4456,3580.16,0
4457,3579.87,0
4458,3579.6,0
4459,3579.39,0
4460,3579.11,0
4461,3578.98,0
4462,3578.69,0
4463,3578.43,0
4464,3578.15,0
4465,3577.85,0
4466,3577.54,0
4467,3577.21,0
4468,3576.88,0
4469,3576.51,0
4470,3576.07,0
4471,3575.71,0
4472,3575.38,0
4473,3575.06,0
4474,3574.73,0
4475,3574.42,0
4476,3574.15,0
4477,3573.83,0
4478,3573.43,0
4479,3573.15,0
4480,3573.01,0
4481,3572.85,0
4482,3572.44,0
4483,3572.14,0
4484,3571.84,0
4485,3571.56,0
4486,3571.38,0
4487,3571.2,0
4488,3571.1,0
4489,3570.83,0
4490,3570.58,0
4491,3570.31,0
4492,3570.05,0
4493,3569.74,0
4494,3569.41,0
4495,3569.08,0
4496,3568.75,0
4497,3568.43,0
4498,3568.11,0
4499,3567.81,0
4500,3567.49,0
4501,3567.14,0
4502,3566.83,0
4503,3566.48,0
4504,3566.18,0
4505,3565.83,0
4506,3565.56,0
4507,3565.28,0
4508,3564.93,0
4509,3564.58,0
4510,3564.35,0
4511,3564.05,0
4512,3563.75,0
4513,3563.48,0
4514,3563.17,0
4515,3562.83,0
4516,3562.54,0
4517,3562.31,0
4518,3562.06,0
4519,3561.97,0
4520,3561.82,0
4521,3561.6,0
4522,3561.37,0
4523,3561.04,0
4524,3560.76,0
4525,3560.5,0
4526,3560.27,0
4527,3560.03,0
4528,3559.81,0
4529,3559.55,0
4530,3559.27,0
4531,3558.93,0
4532,3558.53,0
4533,3558.14,0
4534,3557.85,0
4535,3557.54,0
4536,3557.24,0
4537,3556.82,0
4538,3556.46,0
4539,3556.16,0
4540,3555.9,0
4541,3555.64,0
4542,3555.37,0
4543,3555.02,0
4544,3554.75,0
4545,3554.55,0
4546,3554.3,0
4547,3554,0
4548,3553.69,0
4549,3553.44,0
4550,3553.14,0
4551,3552.94,0
4552,3552.72,0
4553,3552.46,0
4554,3552.25,0
4555,3552.06,0
4556,3551.88,0
4557,3551.67,0
4558,3551.46,0
4559,3551.22,0
4560,3550.94,0
4561,3550.59,0
4562,3550.26,0
4563,3549.95,0
4564,3549.56,0
4565,3549.15,0
4566,3548.83,0
4567,3548.48,0
4568,3548.15,0
4569,3547.8,0
4570,3547.55,0
4571,3547.33,0
4572,3547.11,0
4573,3546.89,0
4574,3546.6,0
4575,3546.39,0
4576,3546.11,0
4577,3545.78,0
4578,3545.55,0
4579,3545.34,0
4580,3545.08,0
4581,3544.81,0
4582,3544.5,0
4583,3544.24,0
4584,3544.06,0
4585,3543.82,0
4586,3543.69,0
4587,3543.42,0
4588,3543.24,0
4589,3543.02,0
4590,3542.85,0
4591,3542.57,0
4592,3542.27,0
4593,3541.96,0
4594,3541.65,0
4595,3541.34,0
4596,3541.04,0
4597,3540.7,0
4598,3540.38,0
4599,3540.1,0
4600,3539.83,0
4601,3539.55,0
4602,3539.3,0
4603,3539,0
4604,3538.74,0
4605,3538.48,0
4606,3538.32,0
4607,3537.95,0
4608,3537.77,0
4609,3537.53,0
4610,3537.17,0
4611,3536.9,0
4612,3536.57,0
4613,3536.31,0
4614,3536.07,0
4615,3535.77,0
4616,3535.52,0
4617,3535.3,0
4618,3535.08,0
4619,3534.83,0
4620,3534.56,0
4621,3534.28,0
4622,3534.04,0
4623,3533.82,0
4624,3533.58,0
4625,3533.31,0
4626,3532.92,0
4627,3532.67,0
4628,3532.38,0
4629,3532.12,0
4630,3531.84,0
4631,3531.53,0
4632,3531.26,0
4633,3530.96,0
4634,3530.63,0
4635,3530.34,0
4636,3530.11,0
4637,3529.83,0
4638,3529.44,0
4639,3529.06,0
4640,3528.75,0
4641,3528.57,0
4642,3528.37,0
4643,3528.12,0
4644,3527.86,0
4645,3527.68,0
4646,3527.56,0
4647,3527.43,0
4648,3527.23,0
4649,3527,0
4650,3526.77,0
4651,3526.54,0
4652,3526.31,0
4653,3526.09,0
4654,3525.9,0
4655,3525.65,0
4656,3525.32,0
4657,3525.01,0
4658,3524.74,0
4659,3524.44,0
4660,3524.11,0
4661,3523.75,0
4662,3523.4,0
4663,3523.02,0
4664,3522.73,0
4665,3522.4,0
4666,3522.1,0
4667,3521.71,0
4668,3521.17,0
4669,3520.87,0
4670,3520.71,0
4671,3520.47,0
4672,3520.19,0
4673,3519.88,0
4674,3519.63,0
4675,3519.42,0
4676,3519.25,0
4677,3519.15,0
4678,3518.87,0
4679,3518.63,0
4680,3518.43,0
4681,3518.24,0
4682,3518.07,0
4683,3517.86,0
4684,3517.65,0
4685,3517.4,0
4686,3517.11,0
4687,3516.79,0
4688,3516.53,0
4689,3516.31,0
4690,3515.95,0
4691,3515.65,0
4692,3515.33,0
4693,3515.02,0
4694,3514.72,0
4695,3514.39,0
4696,3513.97,0
4697,3513.62,0
4698,3513.28,0
4699,3513.07,0
4700,3512.74,0
4701,3512.39,0
4702,3512.13,0
4703,3511.87,0
4704,3511.66,0
4705,3511.39,0
4706,3511.24,0
4707,3511.1,0
4708,3510.97,0
4709,3510.75,0
4710,3510.5,0
4711,3510.24,0
4712,3510.03,0
4713,3509.84,0
4714,3509.64,0
4715,3509.43,0
4716,3509.23,0
4717,3509.01,0
4718,3508.73,0
4719,3508.41,0
4720,3508.01,0
4721,3507.72,0
4722,3507.43,0
4723,3507.13,0
4724,3506.77,0
4725,3506.57,0
4726,3506.36,0
4727,3505.93,0
4728,3505.58,0
4729,3505.22,0
4730,3504.99,0
4731,3504.82,0
4732,3504.53,0
4733,3504.33,0
4734,3504.06,0
4735,3503.79,0
4736,3503.46,0
4737,3503.24,0
4738,3503.02,0
4739,3502.82,0
4740,3502.66,0
4741,3502.43,0
4742,3502.29,0
4743,3502.09,0
4744,3501.83,0
4745,3501.6,0
4746,3501.32,0
4747,3501.07,0
4748,3500.8,0
4749,3500.54,0
4750,3500.27,0
4751,3499.99,0
4752,3499.71,0
4753,3499.4,0
4754,3499.02,0
4755,3498.75,0
4756,3498.44,0
4757,3498.17,0
4758,3497.89,0
4759,3497.65,0
4760,3497.33,0
4761,3497.05,0
4762,3496.81,0
4763,3496.63,0
4764,3496.35,0
4765,3496.28,0
4766,3496.06,0
4767,3495.82,0
4768,3495.51,0
4769,3495.17,0
4770,3494.72,0
4771,3494.46,0
4772,3494.2,0
4773,3493.94,0
4774,3493.73,0
4775,3493.53,0
4776,3493.32,0
4777,3493.13,0
4778,3492.92,0
4779,3492.75,0
4780,3492.54,0
4781,3492.33,0
4782,3492.09,0
4783,3491.82,0
4784,3491.5,0
4785,3491.22,0
4786,3490.95,0
4787,3490.7,0
4788,3490.48,0
4789,3490.16,0
4790,3489.86,0
4791,3489.62,0
4792,3489.38,0
4793,3489.08,0
4794,3488.63,0
4795,3488.34,0
4796,3487.98,0
4797,3487.73,0
4798,3487.51,0
4799,3487.29,0
4800,3487.1,0
4801,3486.87,0
4802,3486.57,0
4803,3486.35,0
4804,3486.21,0
4805,3485.94,0
4806,3485.8,0
4807,3485.63,0
4808,3485.47,0
4809,3485.26,0
4810,3485.06,0
4811,3484.84,0
4812,3484.63,0
4813,3484.38,0
4814,3484.13,0
4815,3483.76,0
4816,3483.52,0
4817,3483.22,0
4818,3482.89,0
4819,3482.59,0
4820,3482.24,0
4821,3481.87,0
4822,3481.54,0
4823,3481.24,0
4824,3480.95,0
4825,3480.75,0
4826,3480.48,0
4827,3480.26,0
4828,3479.85,0
4829,3479.52,0
4830,3479.28,0
4831,3479.01,0
4832,3478.78,0
4833,3478.57,0
4834,3478.37,0
4835,3478.15,0
4836,3477.95,0
4837,3477.68,0
4838,3477.46,0
4839,3477.23,0
4840,3477,0
4841,3476.81,0
4842,3476.65,0
4843,3476.42,0
4844,3476.15,0
4845,3475.95,0
4846,3475.72,0
4847,3475.46,0
4848,3475.27,0
4849,3475,0
4850,3474.71,0
4851,3474.48,0
4852,3474.17,0
4853,3473.93,0
4854,3473.63,0
4855,3473.34,0
4856,3473.07,0
4857,3472.86,0
4858,3472.52,0
4859,3472.29,0
4860,3472.06,0
4861,3471.84,0
4862,3471.58,0
4863,3471.28,0
4864,3471.03,0
4865,3470.7,0
4866,3470.44,0
4867,3470.22,0
4868,3470.08,0
4869,3469.88,0
4870,3469.65,0
4871,3469.47,0
4872,3469.37,0
4873,3469.2,0
4874,3468.99,0
4875,3468.78,0
4876,3468.54,0
4877,3468.25,0
4878,3467.93,0
4879,3467.7,0
4880,3467.42,0
4881,3467.12,0
4882,3466.89,0
4883,3466.57,0
4884,3466.27,0
4885,3466,0
4886,3465.72,0
4887,3465.48,0
4888,3465.23,0
4889,3464.95,0
4890,3464.62,0
4891,3464.35,0
4892,3464.09,0
4893,3463.77,0
4894,3463.42,0
4895,3463.21,0
4896,3463.07,0
4897,3462.95,0
4898,3462.74,0
4899,3462.5,0
4900,3462.14,0
4901,3462.01,0
4902,3461.77,0
4903,3461.54,0
4904,3461.36,0
4905,3461.17,0
4906,3460.95,0
4907,3460.73,0
4908,3460.48,0
4909,3460.19,0
4910,3459.96,0
4911,3459.72,0
4912,3459.44,0
4913,3459.18,0
4914,3458.94,0
4915,3458.73,0
4916,3458.51,0
4917,3458.24,0
4918,3458.01,0
4919,3457.78,0
4920,3457.53,0
4921,3457.14,0
4922,3456.9,0
4923,3456.59,0
4924,3456.3,0
4925,3456.17,0
4926,3455.98,0
4927,3455.7,0
4928,3455.43,0
4929,3455.17,0
4930,3454.86,0
4931,3454.66,0
4932,3454.42,0
4933,3454.22,0
4934,3454.08,0
4935,3453.93,0
4936,3453.73,0
4937,3453.51,0
4938,3453.26,0
4939,3453,0
4940,3452.63,0
4941,3452.4,0
4942,3452.18,0
4943,3451.91,0
4944,3451.65,0
4945,3451.41,0
4946,3451.16,0
4947,3450.93,0
4948,3450.68,0
4949,3450.49,0
4950,3450.23,0
4951,3449.9,0
4952,3449.57,0
4953,3449.22,0
4954,3448.94,0
4955,3448.7,0
4956,3448.43,0
4957,3448.22,0
4958,3447.98,0
4959,3447.71,0
4960,3447.61,0
4961,3447.51,0
4962,3447.17,0
4963,3447.03,0
4964,3446.83,0
4965,3446.6,0
4966,3446.4,0
4967,3446.15,0
4968,3445.91,0
4969,3445.69,0
4970,3445.41,0
4971,3445.18,0
4972,3444.95,0
4973,3444.78,0
4974,3444.52,0
4975,3444.29,0
4976,3444,0
4977,3443.74,0
4978,3443.5,0
4979,3443.25,0
4980,3443.02,0
4981,3442.71,0
4982,3442.4,0
4983,3442.09,0
4984,3441.79,0
4985,3441.54,0
4986,3441.31,0
4987,3441.15,0
4988,3440.93,0
4989,3440.63,0
4990,3440.43,0
4991,3440.16,0
4992,3439.84,0
4993,3439.67,0
4994,3439.51,0
4995,3439.31,0
4996,3439.05,0
4997,3438.82,0
4998,3438.59,0
4999,3438.46,0
5000,3438.34,0
5001,3438.18,0
5002,3438.02,0
5003,3437.84,0
5004,3437.57,0
5005,3437.38,0
5006,3437.17,0
5007,3436.95,0
5008,3436.71,0
5009,3436.44,0
5010,3436.18,0
5011,3435.82,0
5012,3435.52,0
5013,3435.26,0
5014,3435,0
5015,3434.72,0
5016,3434.46,0
5017,3434.2,0
5018,3434.04,0
5019,3433.83,0
5020,3433.59,0
5021,3433.32,0
5022,3433.19,0
5023,3432.95,0
5024,3432.61,0
5025,3432.35,0
5026,3432.15,0
5027,3431.87,0
5028,3431.63,0
5029,3431.38,0
5030,3431.19,0
5031,3431.01,0
5032,3430.81,0
5033,3430.56,0
5034,3430.37,0
5035,3430.25,0
5036,3430.05,0
5037,3429.85,0
5038,3429.62,0
5039,3429.38,0
5040,3429.16,0
5041,3428.86,0
5042,3428.57,0
5043,3428.28,0
5044,3427.99,0
5045,3427.73,0
5046,3427.47,0
5047,3427.06,0
5048,3426.8,0
5049,3426.58,0
5050,3426.36,0
5051,3426.16,0
5052,3425.99,0
5053,3425.78,0
5054,3425.53,0
5055,3425.24,0
5056,3424.97,0
5057,3424.76,0
5058,3424.61,0
5059,3424.49,0
5060,3424.25,0
5061,3424.06,0
5062,3423.88,0
5063,3423.7,0
5064,3423.5,0
5065,3423.34,0
5066,3423.16,0
5067,3422.94,0
5068,3422.64,0
5069,3422.35,0
5070,3422.1,0
5071,3421.84,0
5072,3421.6,0
5073,3421.35,0
5074,3421.08,0
5075,3420.82,0
5076,3420.62,0
5077,3420.33,0
5078,3420.05,0
5079,3419.79,0
5080,3419.48,0
5081,3419.19,0
5082,3418.86,0
5083,3418.57,0
5084,3418.36,0
5085,3418.3,0
5086,3418.09,0
5087,3417.93,0
5088,3417.7,0
5089,3417.46,0
5090,3417.24,0
5091,3417.03,0
5092,3416.8,0
5093,3416.57,0
5094,3416.41,0
5095,3416.28,0
5096,3416.04,0
5097,3415.94,0
5098,3415.94,0
5099,3415.8,0
5100,3415.57,0
5101,3415.24,0
5102,3415.01,0
5103,3414.72,0
5104,3414.5,0
5105,3414.31,0
5106,3414.08,0
5107,3413.77,0
5108,3413.5,0
5109,3413.19,0
5110,3412.94,0
5111,3412.69,0
5112,3412.4,0
5113,3412.06,0
5114,3411.84,0
5115,3411.65,0
5116,3411.41,0
5117,3411.19,0
5118,3410.95,0
5119,3410.71,0
5120,3410.4,0
5121,3410.09,0
5122,3409.84,0
5123,3409.59,0
5124,3409.42,0
5125,3409.32,0
5126,3409.18,0
5127,3408.98,0
5128,3408.8,0
5129,3408.65,0
5130,3408.45,0
5131,3408.28,0
5132,3408.15,0
5133,3407.96,0
5134,3407.72,0
5135,3407.51,0
5136,3407.27,0
5137,3407.06,0
5138,3406.79,0
5139,3406.54,0
5140,3406.26,0
5141,3405.83,0
5142,3405.54,0
5143,3405.26,0
5144,3404.92,0
5145,3404.68,0
5146,3404.46,0
5147,3404.31,0
5148,3404.11,0
5149,3403.98,0
5150,3403.83,0
5151,3403.64,0
5152,3403.49,0
5153,3403.34,0
5154,3403.18,0
5155,3402.93,0
5156,3402.74,0
5157,3402.53,0
5158,3402.42,0
5159,3402.2,0
5160,3401.98,0
5161,3401.8,0
5162,3401.61,0
5163,3401.32,0
5164,3401.12,0
5165,3400.89,0
5166,3400.61,0
5167,3400.36,0
5168,3400.1,0
5169,3399.82,0
5170,3399.55,0
5171,3399.27,0
5172,3399.04,0
5173,3398.83,0
5174,3398.57,0
5175,3398.25,0
5176,3397.99,0
5177,3397.77,0
5178,3397.58,0
5179,3397.46,0
5180,3397.28,0
5181,3397.01,0
5182,3396.79,0
5183,3396.52,0
5184,3396.27,0
5185,3396.03,0
5186,3395.85,0
5187,3395.64,0
5188,3395.43,0
5189,3395.3,0
5190,3395.14,0
5191,3394.94,0
5192,3394.74,0
5193,3394.53,0
5194,3394.3,0
5195,3394.15,0
5196,3393.95,0
5197,3393.73,0
5198,3393.49,0
5199,3393.25,0
5200,3392.98,0
5201,3392.66,0
5202,3392.35,0
5203,3392.07,0
5204,3391.75,0
5205,3391.47,0
5206,3391.2,0
5207,3390.89,0
5208,3390.66,0
5209,3390.5,0
5210,3390.26,0
5211,3390.04,0
5212,3389.75,0
5213,3389.42,0
5214,3389.25,0
5215,3389.09,0
5216,3388.94,0
5217,3388.78,0
5218,3388.56,0
5219,3388.36,0
5220,3388.15,0
5221,3387.91,0
5222,3387.77,0
5223,3387.59,0
5224,3387.41,0
5225,3387.18,0
5226,3387,0
5227,3386.74,0
5228,3386.54,0
5229,3386.27,0
5230,3386,0
5231,3385.79,0
5232,3385.58,0
5233,3385.35,0
5234,3385.06,0
5235,3384.76,0
5236,3384.5,0
5237,3384.28,0
5238,3384.1,0
5239,3383.91,0
5240,3383.74,0
5241,3383.52,0
5242,3383.35,0
5243,3383.05,0
5244,3382.94,0
5245,3382.72,0
5246,3382.47,0
5247,3382.33,0
5248,3382,0
5249,3381.76,0
5250,3381.48,0
5251,3381.28,0
5252,3381.15,0
5253,3380.96,0
5254,3380.76,0
5255,3380.59,0
5256,3380.35,0
5257,3380.11,0
5258,3379.96,0
5259,3379.74,0
5260,3379.54,0
5261,3379.32,0
5262,3379.1,0
5263,3378.82,0
5264,3378.49,0
5265,3378.18,0
5266,3377.94,0
5267,3377.6,0
5268,3377.34,0
5269,3377.07,0
5270,3376.83,0
5271,3376.6,0
5272,3376.46,0
5273,3376.24,0
5274,3376.01,0
5275,3375.84,0
5276,3375.56,0
5277,3375.33,0
5278,3375.18,0
5279,3375.12,0
5280,3374.95,0
5281,3374.72,0
5282,3374.42,0
5283,3374.23,0
5284,3374.04,0
5285,3373.82,0
5286,3373.64,0
5287,3373.42,0
5288,3373.2,0
5289,3372.97,0
5290,3372.73,0
5291,3372.52,0
5292,3372.25,0
5293,3372.04,0
5294,3371.83,0
5295,3371.63,0
5296,3371.38,0
5297,3371.18,0
5298,3370.97,0
5299,3370.74,0
5300,3370.52,0
5301,3370.31,0
5302,3370.12,0
5303,3369.86,0
5304,3369.63,0
5305,3369.44,0
5306,3369.19,0
5307,3368.89,0
5308,3368.61,0
5309,3368.38,0
5310,3368.17,0
5311,3367.95,0
5312,3367.65,0
5313,3367.37,0
5314,3367.13,0
5315,3367.02,0
5316,3366.88,0
5317,3366.74,0
5318,3366.59,0
5319,3366.42,0
5320,3366.26,0
5321,3366.08,0
5322,3365.91,0
5323,3365.75,0
5324,3365.59,0
5325,3365.32,0
5326,3365.07,0
5327,3364.78,0
5328,3364.53,0
5329,3364.31,0
5330,3364.03,0
5331,3363.73,0
5332,3363.5,0
5333,3363.28,0
5334,3363.15,0
5335,3362.91,0
5336,3362.61,0
5337,3362.34,0
5338,3362.11,0
5339,3361.77,0
5340,3361.5,0
5341,3361.39,0
5342,3361.26,0
5343,3361.11,0
5344,3361.1,0
5345,3360.88,0
5346,3360.69,0
5347,3360.57,0
5348,3360.42,0
5349,3360.17,0
5350,3359.95,0
5351,3359.76,0
5352,3359.54,0
5353,3359.28,0
5354,3359.07,0
5355,3358.9,0
5356,3358.74,0
5357,3358.36,0
5358,3358.09,0
5359,3357.88,0
5360,3357.66,0
5361,3357.37,0
5362,3357.09,0
5363,3356.79,0
5364,3356.54,0
5365,3356.27,0
5366,3356.02,0
5367,3355.76,0
5368,3355.56,0
5369,3355.41,0
5370,3355.21,0
5371,3355.03,0
5372,3354.88,0
5373,3354.58,0
5374,3354.4,0
5375,3354.26,0
5376,3354.04,0
5377,3353.87,0
5378,3353.71,0
5379,3353.57,0
5380,3353.4,0
5381,3353.16,0
5382,3352.95,0
5383,3352.8,0
5384,3352.59,0
5385,3352.36,0
5386,3352.13,0
5387,3351.91,0
5388,3351.7,0
5389,3351.41,0
5390,3351.13,0
5391,3350.97,0
5392,3350.76,0
5393,3350.52,0
5394,3350.26,0
5395,3350.06,0
5396,3349.85,0
5397,3349.67,0
5398,3349.44,0
5399,3349.2,0
5400,3349.01,0
5401,3348.79,0
5402,3348.51,0
5403,3348.31,0
5404,3348.11,0
5405,3347.96,0
5406,3347.76,0
5407,3347.49,0
5408,3347.28,0
5409,3347.05,0
5410,3346.91,0
5411,3346.74,0
5412,3346.59,0
5413,3346.46,0
5414,3346.41,0
5415,3346.23,0
5416,3346.01,0
5417,3345.79,0
5418,3345.62,0
5419,3345.47,0
5420,3345.23,0
5421,3344.91,0
5422,3344.65,0
5423,3344.4,0
5424,3344.22,0
5425,3343.97,0
5426,3343.69,0
5427,3343.4,0
5428,3343.17,0
5429,3342.91,0
5430,3342.65,0
5431,3342.39,0
5432,3342.19,0
5433,3341.91,0
5434,3341.75,0
5435,3341.53,0
5436,3341.31,0
5437,3341.1,0
5438,3340.89,0
5439,3340.76,0
5440,3340.59,0
5441,3340.48,0
5442,3340.38,0
5443,3340.23,0
5444,3340.15,0
5445,3339.93,0
5446,3339.68,0
5447,3339.41,0
5448,3339.24,0
5449,3339.1,0
5450,3338.86,0
5451,3338.6,0
5452,3338.3,0
5453,3338.05,0
5454,3337.75,0
5455,3337.5,0
5456,3337.34,0
5457,3337.16,0
5458,3336.89,0
5459,3336.67,0
5460,3336.37,0
5461,3336.11,0
5462,3335.82,0
5463,3335.61,0
5464,3335.47,0
5465,3335.33,0
5466,3335.18,0
5467,3334.99,0
5468,3334.72,0
5469,3334.56,0
5470,3334.4,0
5471,3334.18,0
5472,3334.01,0
5473,3333.85,0
5474,3333.65,0
5475,3333.45,0
5476,3333.33,0
5477,3333.15,0
5478,3332.96,0
5479,3332.81,0
5480,3332.61,0
5481,3332.43,0
5482,3332.16,0
5483,3331.95,0
5484,3331.68,0
5485,3331.49,0
5486,3331.26,0
5487,3331.12,0
5488,3330.91,0
5489,3330.68,0
5490,3330.46,0
5491,3330.26,0
5492,3330.05,0
5493,3329.84,0
5494,3329.63,0
5495,3329.43,0
5496,3329.3,0
5497,3329.16,0
5498,3328.94,0
5499,3328.8,0
5500,3328.51,0
5501,3328.45,0
5502,3328.23,0
5503,3327.84,0
5504,3327.68,0
5505,3327.5,0
5506,3327.35,0
5507,3327.19,0
5508,3327.06,0
5509,3326.9,0
5510,3326.73,0
5511,3326.54,0
5512,3326.3,0
5513,3326.08,0
5514,3325.91,0
5515,3325.71,0
5516,3325.5,0
5517,3325.27,0
5518,3325.11,0
5519,3324.82,0
5520,3324.5,0
5521,3324.25,0
5522,3324.05,0
5523,3323.76,0
5524,3323.51,0
5525,3323.32,0
5526,3323.1,0
5527,3322.91,0
5528,3322.7,0
5529,3322.61,0
5530,3322.35,0
5531,3322.06,0
5532,3321.85,0
5533,3321.64,0
5534,3321.45,0
5535,3321.24,0
5536,3321.2,0
5537,3321.06,0
5538,3320.88,0
5539,3320.8,0
5540,3320.63,0
5541,3320.51,0
5542,3320.34,0
5543,3320.14,0
5544,3319.85,0
5545,3319.65,0
5546,3319.39,0
5547,3319.12,0
5548,3318.95,0
5549,3318.72,0
5550,3318.54,0
5551,3318.39,0
5552,3318.16,0
5553,3317.88,0
5554,3317.62,0
5555,3317.34,0
5556,3317.13,0
5557,3316.92,0
5558,3316.69,0
5559,3316.42,0
5560,3316.1,0
5561,3315.95,0
5562,3315.79,0
5563,3315.62,0
5564,3315.37,0
5565,3315.22,0
5566,3315.1,0
5567,3314.88,0
5568,3314.72,0
5569,3314.61,0
5570,3314.51,0
5571,3314.38,0
5572,3314.22,0
5573,3314.01,0
5574,3313.78,0
5575,3313.63,0
5576,3313.49,0
5577,3313.36,0
5578,3313.14,0
5579,3312.95,0
5580,3312.76,0
5581,3312.54,0
5582,3312.32,0
5583,3312.09,0
5584,3311.81,0
5585,3311.54,0
5586,3311.31,0
5587,3311.06,0
5588,3310.84,0
5589,3310.64,0
5590,3310.46,0
5591,3310.2,0
5592,3310.05,0
5593,3309.91,0
5594,3309.65,0
5595,3309.39,0
5596,3309.14,0
5597,3308.97,0
5598,3308.8,0
5599,3308.65,0
5600,3308.5,0
5601,3308.42,0
5602,3308.28,0
5603,3308.15,0
5604,3308.05,0
5605,3307.92,0
5606,3307.76,0
5607,3307.66,0
5608,3307.42,0
5609,3307.17,0
5610,3306.99,0
5611,3306.8,0
5612,3306.61,0
5613,3306.41,0
5614,3306.23,0
5615,3306.08,0
5616,3305.83,0
5617,3305.59,0
5618,3305.33,0
5619,3305.12,0
5620,3304.85,0
5621,3304.56,0
5622,3304.32,0
5623,3304.08,0
5624,3303.88,0
5625,3303.61,0
5626,3303.41,0
5627,3303.25,0
5628,3303.12,0
5629,3303.02,0
5630,3302.84,0
5631,3302.65,0
5632,3302.44,0
5633,3302.2,0
5634,3301.95,0
5635,3301.76,0
5636,3301.57,0
5637,3301.39,0
5638,3301.2,0
5639,3301.02,0
5640,3300.83,0
5641,3300.68,0
5642,3300.61,0
5643,3300.45,0
5644,3300.29,0
5645,3300.04,0
5646,3299.79,0
5647,3299.54,0
5648,3299.28,0
5649,3299,0
5650,3298.76,0
5651,3298.46,0
5652,3298.2,0
5653,3298.04,0
5654,3297.88,0
5655,3297.68,0
5656,3297.4,0
5657,3297.24,0
5658,3297.01,0
5659,3296.81,0
5660,3296.69,0
5661,3296.55,0
5662,3296.34,0
5663,3296.2,0
5664,3296.03,0
5665,3295.81,0
5666,3295.6,0
5667,3295.48,0
5668,3295.35,0
5669,3295.26,0
5670,3295.13,0
5671,3294.92,0
5672,3294.78,0
5673,3294.63,0
5674,3294.47,0
5675,3294.24,0
5676,3294.01,0
5677,3293.8,0
5678,3293.52,0
5679,3293.29,0
5680,3293.13,0
5681,3292.87,0
5682,3292.68,0
5683,3292.51,0
5684,3292.24,0
5685,3292.04,0
5686,3291.81,0
5687,3291.51,0
5688,3291.25,0
5689,3290.9,0
5690,3290.63,0
5691,3290.48,0
5692,3290.37,0
5693,3290.07,0
5694,3289.85,0
5695,3289.7,0
5696,3289.58,0
5697,3289.37,0
5698,3289.24,0
5699,3289.09,0
5700,3288.96,0
5701,3288.82,0
5702,3288.61,0
5703,3288.39,0
5704,3288.18,0
5705,3288.02,0
5706,3287.92,0
5707,3287.81,0
5708,3287.53,0
5709,3287.35,0
5710,3287.16,0
5711,3287.03,0
5712,3287.03,0
5713,3286.79,0
5714,3286.36,0
5715,3286.07,0
5716,3286.07,0
5717,3285.72,0
5718,3285.57,0
5719,3285.36,0
5720,3285.2,0
5721,3284.97,0
5722,3284.7,0
5723,3284.7,0
5724,3284.55,0
5725,3284.31,0
5726,3284.04,0
5727,3283.87,0
5728,3283.69,0
5729,3283.6,0
5730,3283.47,0
5731,3283.33,0
5732,3283.19,0
5733,3283.01,0
5734,3282.82,0
5735,3282.66,0
5736,3282.51,0
5737,3282.36,0
5738,3282.19,0
5739,3281.96,0
5740,3281.8,0
5741,3281.61,0
5742,3281.37,0
5743,3281.14,0
5744,3280.98,0
5745,3280.79,0
5746,3280.56,0
5747,3280.29,0
5748,3280.06,0
5749,3279.86,0
5750,3279.68,0
5751,3279.41,0
5752,3279.09,0
5753,3278.9,0
5754,3278.63,0
5755,3278.44,0
5756,3278.24,0
5757,3278.17,0
5758,3278.09,0
5759,3277.9,0
5760,3277.81,0
5761,3277.75,0
5762,3277.68,0
5763,3277.51,0
5764,3277.4,0
5765,3277.21,0
5766,3277,0
5767,3276.78,0
5768,3276.59,0
5769,3276.4,0
5770,3276.21,0
5771,3275.97,0
5772,3275.77,0
5773,3275.56,0
5774,3275.3,0
5775,3275.09,0
5776,3274.89,0
5777,3274.74,0
5778,3274.55,0
5779,3274.41,0
5780,3274.19,0
5781,3273.95,0
5782,3273.64,0
5783,3273.44,0
5784,3273.19,0
5785,3273.07,0
5786,3273,0
5787,3272.98,0
5788,3272.88,0
5789,3272.73,0
5790,3272.56,0
5791,3272.27,0
5792,3271.93,0
5793,3271.83,0
5794,3271.7,0
5795,3271.61,0
5796,3271.55,0
5797,3271.43,0
5798,3271.21,0
5799,3271.02,0
5800,3270.85,0
5801,3270.76,0
5802,3270.64,0
5803,3270.41,0
5804,3270.25,0
5805,3269.95,0
5806,3269.68,0
5807,3269.39,0
5808,3269.06,0
5809,3268.84,0
5810,3268.62,0
5811,3268.34,0
5812,3268.21,0
5813,3267.96,0
5814,3267.68,0
5815,3267.36,0
5816,3267.05,0
5817,3266.85,0
5818,3266.7,0
5819,3266.59,0
5820,3266.44,0
5821,3266.26,0
5822,3265.94,0
5823,3265.67,0
5824,3265.61,0
5825,3265.55,0
5826,3265.38,0
5827,3265.26,0
5828,3265.16,0
5829,3265.03,0
5830,3264.87,0
5831,3264.76,0
5832,3264.63,0
5833,3264.45,0
5834,3264.25,0
5835,3264.07,0
5836,3263.78,0
5837,3263.65,0
5838,3263.44,0
5839,3263.2,0
5840,3262.99,0
5841,3262.84,0
5842,3262.67,0
5843,3262.49,0
5844,3262.25,0
5845,3261.93,0
5846,3261.6,0
5847,3261.28,0
5848,3261.12,0
5849,3260.91,0
5850,3260.84,0
5851,3260.72,0
5852,3260.68,0
5853,3260.51,0
5854,3260.28,0
5855,3260.1,0
5856,3260,0
5857,3259.85,0
5858,3259.77,0
5859,3259.56,0
5860,3259.43,0
5861,3259.23,0
5862,3259.09,0
5863,3258.96,0
5864,3258.78,0
5865,3258.55,0
5866,3258.31,0
5867,3258.12,0
5868,3257.91,0
5869,3257.71,0
5870,3257.46,0
5871,3257.27,0
5872,3257.04,0
5873,3256.8,0
5874,3256.57,0
5875,3256.4,0
5876,3256.16,0
5877,3255.95,0
5878,3255.76,0
5879,3255.6,0
5880,3255.26,0
5881,3255.08,0
5882,3254.82,0
5883,3254.66,0
5884,3254.63,0
5885,3254.47,0
5886,3254.32,0
5887,3254.13,0
5888,3254,0
5889,3253.91,0
5890,3253.75,0
5891,3253.59,0
5892,3253.43,0
5893,3253.34,0
5894,3253.2,0
5895,3253.01,0
5896,3252.82,0
5897,3252.7,0
5898,3252.53,0
5899,3252.35,0
5900,3252.17,0
5901,3251.91,0
5902,3251.7,0
5903,3251.46,0
5904,3251.22,0
5905,3251.02,0
5906,3250.84,0
5907,3250.6,0
5908,3250.43,0
5909,3250.18,0
5910,3249.94,0
5911,3249.85,0
5912,3249.71,0
5913,3249.53,0
5914,3249.48,0
5915,3249.29,0
5916,3249.21,0
5917,3249.05,0
5918,3248.91,0
5919,3248.81,0
5920,3248.68,0
5921,3248.52,0
5922,3248.35,0
5923,3248.15,0
5924,3247.98,0
5925,3247.78,0
5926,3247.57,0
5927,3247.49,0
5928,3247.31,0
5929,3247.11,0
5930,3246.93,0
5931,3246.67,0
5932,3246.3,0
5933,3246.1,0
5934,3245.86,0
5935,3245.65,0
5936,3245.36,0
5937,3245.11,0
5938,3244.84,0
5939,3244.65,0
5940,3244.41,0
5941,3244.26,0
5942,3244.15,0
5943,3243.92,0
5944,3243.74,0
5945,3243.5,0
5946,3243.26,0
5947,3243.13,0
5948,3242.9,0
5949,3242.87,0
5950,3242.69,0
5951,3242.39,0
5952,3242.15,0
5953,3241.96,0
5954,3241.74,0
5955,3241.61,0
5956,3241.48,0
5957,3241.33,0
5958,3241.21,0
5959,3241.05,0
5960,3240.84,0
5961,3240.71,0
5962,3240.57,0
5963,3240.43,0
5964,3240.29,0
5965,3240.05,0
5966,3239.79,0
5967,3239.63,0
5968,3239.4,0
5969,3239.15,0
5970,3239,0
5971,3238.79,0
5972,3238.4,0
5973,3238.19,0
5974,3238.06,0
5975,3237.82,0
5976,3237.72,0
5977,3237.46,0
5978,3237.28,0
5979,3237.18,0
5980,3237.06,0
5981,3237.1,0
5982,3237.02,0
5983,3236.86,0
5984,3236.84,0
5985,3236.7,0
5986,3236.55,0
5987,3236.26,0
5988,3236.08,0
5989,3235.92,0
5990,3235.81,0
5991,3235.62,0
5992,3235.43,0
5993,3235.25,0
5994,3234.92,0
5995,3234.65,0
5996,3234.46,0
5997,3234.26,0
5998,3234.04,0
5999,3233.8,0
6000,3233.62,0
6001,3233.45,0
6002,3233.19,0
6003,3232.99,0
6004,3232.77,0
6005,3232.55,0
6006,3232.39,0
